nome,cpf,idade,endereco,bairro,estado
Sr. Vitor Gabriel Silva,640.***.***-01,92.0,"trevo emanuel silva, 482",vila tirol,AP
Calebe Santos,651.***.***-46,41.0,"recanto moraes, 7",ernesto nascimento,PB
Maria Julia Castro,164.***.***-43,78.0,"residencial de pereira, 20",jatobá,AL
Arthur Da Rosa,085.***.***-30,55.0,"parque almeida, 66",vila suzana segunda seção,SE
Juan Pereira,520.***.***-21,70.0,"rodovia de pereira, 51",estrela,BA
Dra. Ana Laura Ribeiro,210.***.***-20,71.0,esplanada lavínia ramos,são francisco,SP
Maria Clara Araújo,960.***.***-80,42.0,"praça cavalcanti, 65",conjunto celso machado,RO
Vitória Oliveira,302.***.***-83,32.0,"esplanada monteiro, 88",conjunto paulo vi,GO
Benjamin Oliveira,451.***.***-84,51.0,"ladeira monteiro, 57",vila primeiro de maio,CE
Pietro Barros,843.***.***-50,53.0,"recanto luiz miguel jesus, 35",vila aeroporto jaraguá,PB
Samuel Cavalcanti,520.***.***-01,91.0,"ladeira de porto, 38",nova america,TO
Ian Da Costa,384.***.***-78,25.0,"via de jesus, 57",vila da amizade,PB
Dr. Emanuel Costa,736.***.***-19,56.0,"lago castro, 94",mariano de abreu,RJ
Larissa Da Cruz,128.***.***-60,85.0,"setor isadora da rosa, 583",chácara leonina,RR
Diogo Carvalho,078.***.***-97,84.0,"viaduto pedro lucas cavalcanti, 49",tiradentes,RS
Sr. Anthony Almeida,305.***.***-60,39.0,"rua vitor hugo pinto, 21",anchieta,RJ
Clara Martins,397.***.***-86,78.0,"rodovia aragão, 245",conjunto lagoa,MG
Dr. Luiz Felipe Cardoso,374.***.***-20,71.0,"alameda de lima, 65",boa esperança,PE
Sr. Calebe Lopes,135.***.***-77,64.0,"trecho lucas sales, 24",dom bosco,RO
Miguel Monteiro,097.***.***-41,56.0,"passarela igor novaes, 89",pompéia,SE
Srta. Catarina Da Mata,468.***.***-57,84.0,"sítio luna carvalho, 98",novo santa cecilia,AM
João Gabriel Araújo,625.***.***-25,75.0,"esplanada de castro, 4",vila nova cachoeirinha 1ª seção,MT
Sr. Nicolas Azevedo,036.***.***-33,37.0,"estrada de aragão, 1",vila barragem santa lúcia,AC
Kamilly Caldeira,508.***.***-47,47.0,via gabriela nascimento,madre gertrudes,AP
Renan Araújo,186.***.***-57,80.0,"travessa vinicius da mata, 52",alta tensão 1ª seção,CE
Vicente Nascimento,054.***.***-32,65.0,largo vieira,milionario,DF
Isaac Rocha,873.***.***-69,59.0,"área lucas gabriel silveira, 51",anchieta,PE
Julia Das Neves,819.***.***-05,62.0,"jardim isabelly gomes, 23",nossa senhora de fátima,ES
Breno Rodrigues,196.***.***-34,97.0,distrito de silveira,dona clara,AM
Isabel Nogueira,968.***.***-65,65.0,travessa ana júlia da rocha,miramar,TO
Anthony Araújo,208.***.***-26,40.0,"avenida milena pires, 360",vila rica,AP
Sra. Marina Da Cunha,067.***.***-95,57.0,"rodovia marcelo souza, 25",estrela,RN
Helena Cardoso,853.***.***-39,53.0,"pátio alexandre teixeira, 243",indaiá,RR
Luigi Nunes,593.***.***-24,52.0,"via clara da rosa, 928",castelo,RR
Srta. Raquel Da Costa,278.***.***-09,60.0,"estação ribeiro, 46",venda nova,PB
Sra. Ana Vitória Oliveira,120.***.***-17,63.0,"sítio de cavalcanti, 97",juliana,PA
Luiza Campos,974.***.***-03,54.0,"condomínio de rodrigues, 52",conjunto providencia,SC
Lucca Da Paz,526.***.***-95,73.0,"rodovia vieira, 63",conjunto taquaril,RN
Nathan Da Rosa,907.***.***-25,34.0,"recanto de da conceição, 1",paraíso,AM
Lívia Silveira,804.***.***-85,63.0,"setor de azevedo, 375",castanheira,AL
Isabel Cavalcanti,492.***.***-04,56.0,"ladeira pietra cunha, 13",vista alegre,PA
Rafael Nunes,285.***.***-76,40.0,"vereda davi lucca barbosa, 35",estrela do oriente,GO
Elisa Fogaça,572.***.***-92,97.0,"rodovia ana júlia araújo, 68",vila real 2ª seção,PE
Agatha Ramos,948.***.***-85,26.0,"distrito de barros, 41",suzana,RJ
Kamilly Rocha,946.***.***-48,61.0,"feira campos, 17",cruzeiro,DF
Antônio Das Neves,435.***.***-82,42.0,"avenida vitor hugo cardoso, 34",vila são rafael,SC
Luiz Gustavo Alves,198.***.***-10,47.0,"rodovia de souza, 63",vila nova dos milionarios,MS
Emanuella Fernandes,097.***.***-96,89.0,"residencial ian da paz, 6",padre eustáquio,PR
Srta. Ana Beatriz Farias,431.***.***-39,64.0,"ladeira de da paz, 98",jardim dos comerciarios,PE
Yago Monteiro,865.***.***-00,46.0,"ladeira pereira, 21",buraco quente,BA
Yasmin Gonçalves,017.***.***-14,78.0,"área barros, 46",salgado filho,BA
Bruna Nascimento,132.***.***-52,36.0,"vereda luiz felipe costa, 70",minaslandia,DF
Davi Luiz Nogueira,873.***.***-50,99.0,"vila sales, 97",paquetá,ES
Ian Monteiro,324.***.***-91,26.0,"favela alana ribeiro, 318",casa branca,MS
Srta. Helena Silva,905.***.***-01,37.0,"parque freitas, 82",ouro minas,AC
Bárbara Novaes,038.***.***-15,90.0,"trecho bryan da cunha, 1",betânia,PA
Sr. Pedro Lucas Costela,534.***.***-00,32.0,esplanada moreira,pindura saia,ES
Rafael Jesus,673.***.***-80,24.0,"campo de barros, 16",silveira,DF
Sra. Alícia Caldeira,051.***.***-70,92.0,"distrito esther campos, 264",apolonia,PA
Danilo Martins,760.***.***-39,100.0,"largo pires, 78",bacurau,AP
Sr. Gabriel Da Rosa,530.***.***-53,51.0,campo isabelly freitas,novo santa cecilia,CE
Augusto Teixeira,412.***.***-16,71.0,favela maria novaes,savassi,RR
Ana Julia Da Rosa,630.***.***-65,44.0,"trevo moraes, 5",cônego pinheiro 1ª seção,SP
Lucca Barbosa,836.***.***-77,99.0,"rua mendes, 337",penha,SP
Amanda Da Costa,268.***.***-29,25.0,"lagoa cardoso, 1",ambrosina,SP
Dr. Francisco Cardoso,430.***.***-50,98.0,"lago maitê campos, 31",braúnas,TO
Lorena Farias,268.***.***-82,94.0,"residencial barbosa, 44",zilah sposito,AP
Anthony Da Costa,935.***.***-97,38.0,"recanto de rocha, 68",conjunto califórnia i,SE
Cauã Rodrigues,107.***.***-87,100.0,"vale gustavo henrique alves, 50",vila madre gertrudes 4ª seção,AL
Anthony Barbosa,631.***.***-00,88.0,vila farias,vila satélite,RN
Ana Julia Almeida,179.***.***-09,24.0,"fazenda de porto, 3",senhor dos passos,MA
Milena Barros,314.***.***-51,76.0,"setor miguel pires, 3",ermelinda,PA
Murilo Gomes,759.***.***-93,,morro de castro,vila pilar,SP
Daniel Barbosa,812.***.***-98,31.0,"praça ferreira, 764",vila sumaré,CE
Dr. Samuel Cardoso,039.***.***-96,48.0,"vereda cauê novaes, 14",conjunto califórnia ii,BA
Ana Laura Sales,863.***.***-22,80.0,"fazenda de pinto, 42",são jorge 1ª seção,PR
Mariana Cunha,492.***.***-25,83.0,"loteamento luiz felipe teixeira, 87",novo ouro preto,AM
Sr. João Guilherme Cavalcanti,347.***.***-70,40.0,"quadra emanuella da conceição, 29",cruzeiro,MS
Kamilly Rocha,365.***.***-10,65.0,"rodovia danilo costa, 17",alta tensão 2ª seção,MS
Gabriel Nunes,940.***.***-04,57.0,vila stephany lima,vista do sol,PA
Rafael Correia,579.***.***-05,74.0,"morro de cardoso, 47",marçola,SE
Ana Lívia Barbosa,925.***.***-60,64.0,lagoa sarah azevedo,monsenhor messias,CE
Maitê Teixeira,694.***.***-39,92.0,"loteamento oliveira, 29",camponesa 1ª seção,PE
Carlos Eduardo Santos,937.***.***-37,70.0,"largo nascimento, 97",delta,PR
Enzo Gabriel Araújo,349.***.***-96,72.0,Endereço inválido,Desconhecido,Desconhecido
Breno Moreira,184.***.***-49,41.0,"aeroporto de das neves, 7",vila sumaré,AL
Julia Lopes,106.***.***-31,49.0,"conjunto de cardoso, 5",vila minaslandia,PR
André Lima,645.***.***-70,81.0,viaduto cardoso,belmonte,RO
João Gabriel Barbosa,190.***.***-67,57.0,fazenda de barros,boa esperança,DF
,438.***.***-56,23.0,colônia maria vitória moura,aarão reis,GO
João Felipe Oliveira,830.***.***-00,44.0,avenida de cardoso,madre gertrudes,RN
Samuel Vieira,218.***.***-53,42.0,"lagoa leandro caldeira, 1",chácara leonina,MT
Lucca Ferreira,237.***.***-19,87.0,"esplanada de das neves, 5",andiroba,MG
Samuel Castro,582.***.***-70,72.0,"praia eloah da mata, 95",cachoeirinha,AL
Maria Vitória Teixeira,426.***.***-25,63.0,"praia carvalho, 7",vila nova,PA
Maria Fernanda Farias,907.***.***-20,24.0,"área de correia, 44",chácara leonina,AM
Fernanda Sales,879.***.***-32,73.0,"vale lorenzo almeida, 80",vila mantiqueira,PE
Srta. Eduarda Nogueira,602.***.***-07,68.0,chácara isadora das neves,vila da amizade,PB
Maitê Ferreira,016.***.***-99,67.0,estação cunha,calafate,PR
Catarina Pires,079.***.***-11,49.0,"loteamento de lima, 1",vila primeiro de maio,MT
Manuela Da Rocha,839.***.***-57,76.0,"alameda de gonçalves, 79",saudade,SP
Nina Moura,604.***.***-25,48.0,"quadra bernardo ferreira, 85",marieta 1ª seção,PA
Pedro Henrique Vieira,526.***.***-03,44.0,"rodovia alícia dias, 58",vila boa vista,RR
Ana Clara Cunha,862.***.***-02,38.0,"rua de cavalcanti, 8",vila da paz,AC
Pietra Santos,508.***.***-67,96.0,"esplanada de silva, 1",vila puc,GO
Sr. Theo Da Conceição,284.***.***-14,28.0,"viaduto de freitas, 12",centro,RR
Vinicius Da Costa,023.***.***-16,68.0,"recanto valentina pinto, 52",satelite,PA
Pedro Henrique Cunha,519.***.***-93,61.0,"passarela de santos, 501",vila atila de paiva,ES
Davi Nogueira,564.***.***-11,76.0,"morro lucca da rocha, 40",bandeirantes,CE
Luiz Fernando Da Paz,409.***.***-11,82.0,"praça de da paz, 5",conjunto jardim filadélfia,TO
Srta. Letícia Rocha,137.***.***-32,79.0,"fazenda joão felipe souza, 78",nova pampulha,SC
João Nogueira,367.***.***-10,93.0,"rodovia cauê monteiro, 50",heliopolis,CE
João Gabriel Cardoso,962.***.***-34,55.0,"área de ferreira, 20",vila independencia 2ª seção,AC
Ryan Ribeiro,409.***.***-48,97.0,"núcleo almeida, 41",vila são paulo,PB
Olivia Das Neves,314.***.***-55,25.0,"lagoa de vieira, 25",paquetá,AL
Sr. Luiz Miguel Pinto,942.***.***-76,57.0,"conjunto da luz, 6",chácara leonina,SC
Elisa Teixeira,217.***.***-73,81.0,"ladeira de rodrigues, 58",vila são francisco,ES
Pedro Miguel Das Neves,523.***.***-03,61.0,"jardim de nascimento, 7",engenho nogueira,RS
Maria Luiza Azevedo,064.***.***-47,78.0,"quadra de da cruz, 42",vila jardim montanhes,PE
Lorenzo Silva,642.***.***-13,49.0,"conjunto de da cruz, 1",mariano de abreu,RJ
Bianca Souza,673.***.***-40,99.0,"colônia francisco campos, 7",vila betânia,SC
Vitor Azevedo,643.***.***-20,73.0,largo de barbosa,vila nova gameleira 1ª seção,AL
Enzo Gabriel Lima,187.***.***-94,59.0,aeroporto rezende,santo antônio,SP
Eduarda Cunha,093.***.***-32,61.0,"campo de pinto, 72",santana do cafezal,PI
Sra. Nicole Da Rocha,367.***.***-03,81.0,"setor de ferreira, 742",vila antena,RR
Ana Clara Santos,430.***.***-04,37.0,"ladeira de sales, 15",vila são francisco,DF
Enzo Gabriel Castro,694.***.***-65,98.0,ladeira de teixeira,são geraldo,PB
Nicole Ferreira,701.***.***-22,30.0,"aeroporto duarte, 9",funcionários,ES
Erick Sales,498.***.***-48,39.0,"trecho de martins, 51",vila santa monica 1ª seção,PR
Anthony Barros,742.***.***-07,44.0,"vila alexia viana, 87",jardim alvorada,PA
Renan Da Rocha,986.***.***-10,54.0,"morro melo, 463",grajaú,RO
Marcela Santos,843.***.***-42,26.0,"residencial de aragão, 65",planalto,RN
Carolina Melo,970.***.***-05,41.0,"vereda kamilly da rosa, 80",são geraldo,SC
Lavínia Rezende,946.***.***-70,46.0,"morro davi luiz correia, 38",vila são paulo,CE
Srta. Julia Porto,502.***.***-61,77.0,"distrito ana laura aragão, 90",jardim do vale,MA
Alana Cardoso,572.***.***-41,34.0,"favela gonçalves, 32",cônego pinheiro 1ª seção,PR
Davi Lucas Cardoso,805.***.***-83,30.0,"viela da paz, 92",serra,MT
Raul Santos,315.***.***-03,21.0,"loteamento emanuelly sales, 135",leticia,SP
Igor Melo,261.***.***-17,48.0,"favela oliveira, 67",vila copacabana,PR
Joaquim Da Costa,274.***.***-56,78.0,"condomínio campos, 38",dom bosco,SP
João Felipe Farias,936.***.***-01,30.0,"estação milena silva, 549",bairro das indústrias ii,PE
Manuela Almeida,647.***.***-30,77.0,"feira alice ramos, 3",são joão batista,PE
Ryan Rocha,248.***.***-51,66.0,"passarela nogueira, 8",castelo,PI
Luna Da Conceição,935.***.***-91,98.0,"campo campos, 82",são pedro,MA
Manuela Silva,591.***.***-73,21.0,"jardim beatriz farias, 11",acaba mundo,AL
Maria Vitória Das Neves,761.***.***-34,98.0,lagoa cavalcanti,savassi,PE
Marcela Cunha,904.***.***-32,47.0,"rua sales, 4",universo,SE
Bryan Souza,593.***.***-00,68.0,"viaduto thales costela, 23",mala e cuia,BA
Kevin Cavalcanti,658.***.***-01,50.0,"distrito maria moraes, 9",vila paris,PR
Sr. João Gabriel Martins,794.***.***-85,76.0,"esplanada de moura, 95",boa viagem,MA
Gabriela Da Mata,746.***.***-90,69.0,"viaduto de peixoto, 16",inconfidência,CE
Srta. Júlia Fernandes,650.***.***-98,50.0,"condomínio leandro da mota, 20",jatobá,TO
Bárbara Silveira,386.***.***-04,42.0,trevo carvalho,vila paraíso,RN
Vinicius Jesus,549.***.***-91,91.0,morro de duarte,pindorama,RS
Srta. Alice Pires,536.***.***-56,43.0,"praia ana carolina correia, 11",santa sofia,RO
Lara Ferreira,698.***.***-75,74.0,"rodovia de fogaça, 96",lajedo,RS
Felipe Freitas,863.***.***-01,100.0,"rua duarte, 85",vila real 1ª seção,AC
Maysa Pires,852.***.***-11,70.0,"sítio mariana almeida, 86",carlos prates,PR
Letícia Da Mata,308.***.***-31,50.0,"aeroporto da paz, 54",vila são dimas,PR
Luigi Cunha,623.***.***-34,94.0,"praia nascimento, 541",senhor dos passos,PA
Lucas Gabriel Gomes,120.***.***-40,22.0,"distrito de cardoso, 24",flamengo,PI
Emanuelly Costela,152.***.***-97,48.0,"vale de vieira, 67",suzana,PA
Calebe Nascimento,631.***.***-87,87.0,"trecho brenda ferreira, 25",lagoinha,RJ
Juan Pires,139.***.***-46,77.0,"avenida de santos, 89",são pedro,MS
Lívia Costa,582.***.***-50,83.0,"loteamento oliveira, 12",vila da ária,AM
Davi Lucas Nunes,679.***.***-03,23.0,"vila viana, 68",nova cintra,AM
Dr. Lucca Oliveira,806.***.***-75,91.0,"passarela jesus, 34",vila jardim montanhes,PB
Eduardo Monteiro,037.***.***-65,63.0,viaduto caldeira,vila nova paraíso,PE
Diogo Moraes,571.***.***-52,49.0,"sítio aragão, 73",aguas claras,RJ
Felipe Freitas,657.***.***-57,20.0,área gabriela nascimento,ermelinda,RR
Ryan Peixoto,830.***.***-98,29.0,"estrada agatha correia, 79",xodo-marize,TO
Otávio Pires,526.***.***-01,27.0,"pátio ribeiro, 33",vila oeste,MS
Thiago Moreira,023.***.***-03,63.0,"residencial rebeca da paz, 43",santa inês,SC
Pietro Lopes,428.***.***-19,63.0,"aeroporto moura, 81",salgado filho,SP
Gabriela Gomes,317.***.***-50,44.0,"parque mariane araújo, 1",flamengo,RO
João Miguel Viana,183.***.***-77,25.0,"estrada de carvalho, 309",funcionários,DF
Sr. Luiz Henrique Nunes,031.***.***-77,77.0,"via da cunha, 11",sport club,TO
Srta. Ana Sophia Viana,937.***.***-68,31.0,"rodovia agatha cavalcanti, 27",santo antônio,AP
Sr. Marcelo Aragão,418.***.***-40,87.0,praça raul pires,maria virgínia,TO
Enzo Gabriel Da Mota,018.***.***-24,32.0,vila farias,braúnas,SE
Benjamin Da Rosa,195.***.***-86,,"núcleo maria luiza novaes, 100",xangri-lá,RJ
Ana Rezende,316.***.***-64,70.0,"esplanada de da cruz, 73",eymard,PE
Dr. Thomas Dias,267.***.***-03,47.0,"jardim ana carolina da mota, 6",vila petropolis,AP
Breno Ribeiro,803.***.***-78,41.0,"vereda de costela, 27",vila de sá,MG
Lucas Gabriel Novaes,856.***.***-11,44.0,"trevo manuela jesus, 927",ipe,SC
Vicente Rodrigues,328.***.***-79,87.0,"chácara cardoso, 14",vila aeroporto,RN
João Lucas Vieira,985.***.***-05,40.0,"praça de oliveira, 35",conjunto santa maria,RN
Dr. Luiz Henrique Freitas,951.***.***-88,49.0,"residencial luigi duarte, 6",manacas,SC
Dra. Luiza Da Conceição,189.***.***-33,98.0,"núcleo de ferreira, 77",lagoa,PR
Benjamin Cavalcanti,317.***.***-41,28.0,"área de fernandes, 37",vila são dimas,MT
Murilo Mendes,653.***.***-17,79.0,"loteamento porto, 4",vila santo antônio,SE
Dr. Renan Rezende,609.***.***-38,67.0,"área de ribeiro, 688",vila vista alegre,PR
Maysa Porto,081.***.***-84,70.0,"pátio carlos eduardo azevedo, 76",havaí,RO
Pedro Lucas Pereira,873.***.***-35,86.0,"quadra almeida, 83",paquetá,CE
Isadora Nogueira,480.***.***-05,52.0,"feira almeida, 72",vila são dimas,RJ
Gabriel Ramos,591.***.***-05,78.0,"viaduto de freitas, 46",novo glória,TO
Yago Ferreira,531.***.***-00,89.0,"ladeira agatha almeida, 27",vila copacabana,RS
Samuel Da Mata,521.***.***-11,23.0,"residencial cavalcanti, 50",grota,MG
Sophie Pinto,317.***.***-50,96.0,"colônia bryan costela, 404",suzana,SE
Dr. Rafael Souza,436.***.***-07,47.0,"rodovia de moreira, 6",santo agostinho,AM
Vitor Hugo Lima,450.***.***-80,87.0,"esplanada oliveira, 654",serra,PR
Dr. Bernardo Da Cruz,230.***.***-50,23.0,"rodovia thomas santos, 48",vila suzana segunda seção,AM
Caio Da Cunha,926.***.***-00,95.0,"vila milena porto, 70",marieta 1ª seção,RO
Stephany Duarte,642.***.***-46,98.0,"lagoa rebeca novaes, 77",são jorge 1ª seção,SE
Kevin Da Conceição,074.***.***-94,65.0,"núcleo sales, 59",novo das industrias,PE
Srta. Giovanna Aragão,142.***.***-17,78.0,"feira sales, 82",coração eucarístico,AL
Pedro Henrique Pinto,653.***.***-37,27.0,"colônia de azevedo, 22",centro,CE
Joaquim Da Cruz,532.***.***-41,32.0,alameda fernandes,são salvador,AM
Leandro Souza,560.***.***-86,31.0,"estrada de castro, 671",trevo,PI
Beatriz Aragão,805.***.***-04,54.0,"trecho calebe ferreira, 902",funcionários,AL
Carlos Eduardo Teixeira,546.***.***-98,50.0,"chácara joão gabriel correia, 983",vila batik,ES
Joana Da Rocha,915.***.***-33,48.0,"lago maria cecília dias, 93",marçola,MG
Lucas Gabriel Da Luz,203.***.***-70,20.0,via de santos,delta,DF
Davi Lucas Da Costa,502.***.***-52,20.0,"viela mariana ferreira, 867",cidade jardim taquaril,AL
Henrique Da Rocha,713.***.***-44,35.0,"via caio carvalho, 11",inconfidência,AM
Lorena Fernandes,574.***.***-93,94.0,residencial joão guilherme campos,vila paraíso,PR
Nathan Nogueira,837.***.***-56,45.0,"vereda jesus, 420",monsenhor messias,DF
Srta. Maysa Rezende,726.***.***-55,83.0,"setor de da mata, 49",zilah sposito,PI
Erick Santos,680.***.***-67,45.0,"rua lavínia da rosa, 9",pedreira padro lopes,TO
Agatha Sales,983.***.***-30,94.0,"setor de santos, 49",itatiaia,SP
Ana Beatriz Moreira,637.***.***-66,65.0,"parque thomas nogueira, 74",outro,AM
Antônio Da Rocha,943.***.***-23,28.0,"viela de mendes, 45",jardim leblon,AM
Dra. Vitória Viana,813.***.***-24,84.0,"loteamento barbosa, 28",vila madre gertrudes 2ª seção,RO
Enzo Monteiro,534.***.***-04,45.0,"trevo barros, 87",chácara leonina,PR
Bernardo Santos,045.***.***-29,20.0,"lagoa isabella viana, 20",zilah sposito,PR
Guilherme Cunha,237.***.***-02,26.0,"fazenda rezende, 619",vila da paz,PI
Raul Rodrigues,193.***.***-33,49.0,praça souza,santa inês,SC
Pietra Lima,591.***.***-39,32.0,"praça almeida, 81",são bento,MT
Camila Barbosa,560.***.***-59,39.0,"vila martins, 7",casa branca,PA
Kaique Almeida,078.***.***-02,70.0,"passarela de pires, 6",olhos d'água,MS
Antônio Porto,015.***.***-60,89.0,"aeroporto lavínia porto, 29",barreiro,RR
Alana Rezende,216.***.***-60,72.0,"parque de aragão, 76",cachoeirinha,ES
Vitor Almeida,134.***.***-00,44.0,"vale ramos, 60",vila santo antônio,RR
Isabelly Da Mota,709.***.***-48,77.0,loteamento nascimento,engenho nogueira,PA
Isis Oliveira,893.***.***-87,79.0,"esplanada joão guilherme barbosa, 39",barão homem de melo 2ª seção,AL
Carolina Gomes,845.***.***-28,33.0,parque nascimento,vila minaslandia,AL
Srta. Natália Rodrigues,548.***.***-88,78.0,"largo alves, 654",vera cruz,MS
Fernando Ramos,032.***.***-38,53.0,"trevo de azevedo, 36",vila barragem santa lúcia,PR
Gabriela Da Cruz,109.***.***-77,28.0,"área de barros, 4",vila mangueiras,CE
Noah Cavalcanti,273.***.***-60,85.0,"setor arthur barros, 58",vera cruz,MT
Clara Moreira,079.***.***-05,51.0,"largo gomes, 85",vila da paz,PB
Laura Araújo,134.***.***-25,55.0,"praia agatha cardoso, 1",lagoinha,PI
Dr. Luiz Otávio Sales,472.***.***-60,79.0,"via novaes, 81",vila são paulo,MT
Emilly Da Mata,839.***.***-83,90.0,"pátio castro, 51",vila trinta e um de março,ES
Kevin Rodrigues,086.***.***-50,56.0,"campo lima, 42",conjunto califórnia ii,PE
Davi Pereira,209.***.***-89,62.0,"esplanada rafael viana, 38",apolonia,MG
Thomas Silva,891.***.***-89,21.0,"travessa beatriz fogaça, 47",fernão dias,RN
Ana Lívia Da Cruz,135.***.***-84,87.0,"praça correia, 3",canadá,RJ
Sr. Vicente Silveira,318.***.***-57,61.0,"viela maria cecília viana, 44",vila copacabana,PA
Sophie Caldeira,403.***.***-17,38.0,"vila nina moura, 41",vila santo antônio,PA
Gabriel Costa,930.***.***-34,61.0,"núcleo carvalho, 87",piraja,PI
Ana Carolina Costa,680.***.***-80,52.0,"rodovia de da luz, 710",saudade,RO
Maitê Fogaça,543.***.***-57,28.0,residencial beatriz lopes,ermelinda,RN
Bruna Caldeira,259.***.***-03,69.0,"aeroporto de ferreira, 9",senhor dos passos,AC
Caroline Moura,593.***.***-25,32.0,"chácara da luz, 27",bonfim,SP
Sra. Ana Júlia Pires,561.***.***-06,48.0,núcleo cardoso,barreiro,TO
Dra. Larissa Fernandes,503.***.***-51,45.0,"residencial de ribeiro, 11",vila santa rosa,GO
Rodrigo Da Luz,416.***.***-61,34.0,"aeroporto de campos, 63",são gabriel,PB
Carlos Eduardo Barros,730.***.***-70,33.0,loteamento de rodrigues,santa cecilia,GO
Ana Laura Silva,047.***.***-66,53.0,"vale pinto, 70",esplanada,PI
Maitê Nogueira,517.***.***-06,68.0,"vale costela, 5",parque são josé,SP
Ana Laura Da Luz,681.***.***-90,82.0,"jardim de barros, 111",caiçara - adelaide,TO
Sra. Brenda Viana,154.***.***-01,77.0,"pátio da rocha, 793",vila rica,ES
Augusto Teixeira,360.***.***-47,95.0,"setor samuel porto, 99",bairro das indústrias ii,AM
Dr. Francisco Lima,318.***.***-70,67.0,"via diego lima, 60",distrito industrial do jatoba,AP
Isaac Da Luz,293.***.***-83,76.0,"área joão lucas lima, 997",são benedito,RO
Calebe Jesus,068.***.***-00,48.0,"praia vitor gabriel cunha, 89",concórdia,SC
Kevin Melo,786.***.***-22,60.0,viaduto juliana nogueira,trevo,BA
Pedro Miguel Peixoto,079.***.***-68,50.0,"passarela moura, 85",vila rica,DF
Gabrielly Almeida,498.***.***-00,31.0,"condomínio de sales, 62",são bernardo,PB
Murilo Correia,197.***.***-93,35.0,"estação de ribeiro, 893",zilah sposito,SP
Matheus Dias,156.***.***-53,84.0,Endereço inválido,Desconhecido,Desconhecido
Stella Cardoso,798.***.***-39,57.0,"estrada ana ramos, 10",novo tupi,GO
Marcela Barbosa,509.***.***-66,63.0,"estação de azevedo, 639",vila antena montanhês,MS
Ana Carolina Pires,612.***.***-06,89.0,"viaduto eduarda pinto, 76",pousada santo antonio,RS
Helena Aragão,791.***.***-23,86.0,morro lavínia almeida,esperança,AP
João Gabriel Oliveira,496.***.***-09,98.0,"travessa oliveira, 28",minas brasil,MA
Maria Cecília Vieira,491.***.***-64,89.0,"conjunto de souza, 842",petropolis,TO
Lorena Rodrigues,461.***.***-90,47.0,"quadra de fogaça, 57",vila nova gameleira 3ª seção,PE
Nicolas Cunha,873.***.***-53,72.0,"estrada de carvalho, 52",conjunto jardim filadélfia,GO
Vitor Hugo Ramos,485.***.***-06,31.0,"travessa melo, 5",biquinhas,ES
Luigi Aragão,704.***.***-74,42.0,"largo de rodrigues, 19",campo alegre,DF
Maria Julia Barros,123.***.***-77,51.0,área nogueira,solimoes,PE
Luiz Gustavo Silveira,178.***.***-03,95.0,estação mendes,colégio batista,PR
Ana Júlia Fernandes,795.***.***-76,98.0,"passarela de carvalho, 69",coração de jesus,SE
Luiz Miguel Novaes,754.***.***-28,28.0,"morro de nascimento, 17",coqueiros,MG
Gabriel Santos,142.***.***-30,22.0,"largo viana, 3",vila fumec,PE
Srta. Sophie Vieira,624.***.***-17,73.0,"loteamento de viana, 65",conjunto novo dom bosco,PI
Júlia Cardoso,482.***.***-02,90.0,"feira gustavo nascimento, 911",vila calafate,RS
Dra. Gabriela Jesus,846.***.***-40,51.0,vereda cunha,jardim do vale,ES
Dr. João Gabriel Correia,038.***.***-08,50.0,"aeroporto augusto das neves, 847",maria helena,TO
Luiz Gustavo Jesus,625.***.***-02,100.0,"feira fogaça, 914",vila dos anjos,PI
Rodrigo Ferreira,527.***.***-49,57.0,"estação moraes, 13",carmo,MG
Alícia Ribeiro,514.***.***-94,93.0,"feira maria julia costela, 21",mariano de abreu,MG
Sr. André Da Mata,169.***.***-15,68.0,"loteamento de lima, 16",conjunto providencia,SE
Srta. Maria Julia Campos,245.***.***-55,66.0,"rodovia pires, 57",vila de sá,SP
João Gabriel Ferreira,018.***.***-03,96.0,pátio carvalho,vila primeiro de maio,AP
Thomas Moraes,291.***.***-05,62.0,"parque melo, 462",vila cloris,GO
Clara Melo,860.***.***-57,64.0,"alameda vitor gabriel lopes, 52",pedreira padro lopes,MS
Luigi Cavalcanti,078.***.***-50,35.0,"campo de campos, 83",vila tirol,RN
Dra. Stella Da Costa,340.***.***-51,55.0,"passarela oliveira, 48",santa monica,RO
Isabella Da Paz,289.***.***-65,82.0,"via letícia nunes, 280",monsenhor messias,AL
Enzo Da Rocha,874.***.***-13,45.0,"travessa ribeiro, 92",pindorama,GO
Olivia Fernandes,016.***.***-48,52.0,"conjunto eduardo da paz, 2",dom joaquim,AP
André Da Mata,648.***.***-08,40.0,"feira clara lima, 5",vila independencia 3ª seção,MA
Pedro Henrique Cavalcanti,938.***.***-86,80.0,"núcleo de rocha, 9",sport club,SP
Joaquim Silveira,671.***.***-12,22.0,"vila de freitas, 80",santo antônio,AC
Mirella Rodrigues,216.***.***-94,48.0,"fazenda de lima, 95",vila das oliveiras,RJ
Sra. Isabelly Azevedo,087.***.***-76,76.0,"ladeira caldeira, 5",vila paris,AC
Dr. Samuel Ferreira,720.***.***-87,37.0,"travessa ana lívia da mata, 63",madri,ES
Otávio Carvalho,643.***.***-90,89.0,"residencial costa, 9",cidade jardim taquaril,SE
Dra. Stephany Da Mota,154.***.***-51,26.0,"colônia monteiro, 49",europa,MT
Cauê Mendes,152.***.***-44,32.0,"lagoa das neves, 36",marçola,BA
Alexandre Nunes,496.***.***-33,54.0,"esplanada souza, 437",álvaro camargos,MG
Maria Fernanda Aragão,372.***.***-53,69.0,"favela de carvalho, 28",confisco,RS
João Guilherme Silva,820.***.***-30,74.0,"praça caroline almeida, 19",conjunto bonsucesso,DF
Lorena Rezende,753.***.***-95,74.0,"lagoa de fogaça, 92",pantanal,MG
Maria Sophia Da Cruz,690.***.***-34,70.0,"vale ana julia porto, 19",alto barroca,MG
Milena Das Neves,685.***.***-89,96.0,"residencial de cunha, 20",santana do cafezal,PB
Kamilly Da Cunha,520.***.***-80,68.0,"travessa lucca carvalho, 38",aeroporto,RO
Luiz Miguel Aragão,937.***.***-12,55.0,aeroporto ana clara oliveira,indaiá,AM
Ana Laura Ribeiro,754.***.***-47,39.0,"praia de da mata, 18",são jorge 3ª seção,RJ
Lorena Da Mota,162.***.***-90,58.0,"favela de azevedo, 62",lindéia,MA
Emanuella Souza,617.***.***-07,80.0,"loteamento ferreira, 493",lagoa,PI
Cecília Pinto,498.***.***-30,26.0,"campo vinicius campos, 2",conjunto são francisco de assis,MG
Pedro Henrique Cunha,584.***.***-00,47.0,"condomínio bruna mendes, 55",pongelupe,CE
Sra. Eloah Da Mota,901.***.***-03,34.0,"loteamento freitas, 30",primeiro de maio,SP
Samuel Da Rocha,159.***.***-97,24.0,"trecho de freitas, 8",vila piratininga venda nova,TO
Melissa Almeida,705.***.***-92,66.0,"alameda de da rosa, 2",são salvador,PE
Carlos Eduardo Da Mota,894.***.***-20,100.0,"largo juliana barbosa, 182",concórdia,RN
Dr. Vitor Da Mota,789.***.***-28,50.0,viela de da paz,minaslandia,PE
Dr. Diogo Costela,962.***.***-73,38.0,"passarela joão lucas nogueira, 753",são pedro,PE
Rafaela Rodrigues,578.***.***-60,82.0,"campo vinicius silva, 27",lagoinha,AC
Vitor Hugo Da Conceição,716.***.***-55,27.0,"viaduto de castro, 65",jardim vitoria,RR
Ana Laura Caldeira,518.***.***-73,53.0,"estrada de rocha, 305",lourdes,PE
Dra. Laura Silveira,472.***.***-49,97.0,"pátio lopes, 1",varzea da palma,AM
Sr. Rafael Pereira,492.***.***-79,88.0,"recanto gustavo pereira, 77",santo antônio,PE
Manuela Mendes,518.***.***-60,34.0,"largo kevin barbosa, 2",vila da ária,MG
Igor Lopes,073.***.***-22,31.0,recanto azevedo,vila cloris,CE
Marcelo Moreira,346.***.***-87,52.0,"trecho igor barros, 77",mariano de abreu,ES
Thomas Costela,428.***.***-22,95.0,alameda de pinto,pousada santo antonio,RS
Luiz Otávio Gonçalves,637.***.***-90,65.0,"trevo rezende, 51",bela vitoria,MG
Stella Da Costa,063.***.***-07,56.0,"estação de freitas, 32",corumbiara,RR
Luana Da Cruz,083.***.***-86,31.0,distrito rocha,luxemburgo,CE
Maria Cecília Lima,132.***.***-89,30.0,"recanto silveira, 47",olhos d'água,ES
Melissa Teixeira,642.***.***-78,73.0,"residencial de pires, 28",laranjeiras,RS
Dr. Vinicius Pires,163.***.***-10,40.0,"distrito de lopes, 397",alto dos pinheiros,MS
Luiz Miguel Farias,962.***.***-00,90.0,"feira cardoso, 21",conjunto minas caixa,RN
Breno Correia,148.***.***-67,42.0,"conjunto daniel fernandes, 403",garças,GO
Laís Costela,306.***.***-53,60.0,"parque maitê santos, 42",boa viagem,RS
Dr. Diego Da Mata,293.***.***-41,22.0,"quadra de da mota, 62",alto caiçaras,MG
Letícia Da Mota,852.***.***-02,32.0,"viaduto jesus, 11",conjunto jatoba,DF
Luna Ferreira,843.***.***-14,56.0,"alameda anthony fogaça, 11",mantiqueira,RS
Dr. Emanuel Silveira,430.***.***-80,31.0,"quadra de fogaça, 28",pantanal,PI
Lorena Sales,263.***.***-15,46.0,fazenda caldeira,satelite,AM
Davi Da Mata,846.***.***-39,57.0,vila alves,jardim atlântico,DF
Isabel Melo,748.***.***-09,77.0,"feira enrico nogueira, 1",itaipu,PB
Raul Oliveira,298.***.***-64,95.0,"rua pedro miguel da luz, 95",nossa senhora do rosário,PA
Levi Da Mata,192.***.***-32,63.0,vila de da mata,cônego pinheiro 2ª seção,CE
Heloísa Castro,587.***.***-44,64.0,"sítio de cardoso, 88",acaiaca,RS
Sra. Júlia Da Paz,046.***.***-74,39.0,"jardim maria sophia ferreira, 95",vila nova paraíso,CE
Luana Viana,213.***.***-21,28.0,"praça de castro, 980",ernesto nascimento,SE
Sr. Renan Sales,364.***.***-83,24.0,"praça olivia silveira, 49",novo das industrias,AC
Caio Aragão,714.***.***-62,24.0,"área de barros, 86",boa esperança,RN
Srta. Lavínia Ribeiro,263.***.***-51,77.0,"alameda gustavo henrique gonçalves, 50",beija flor,RJ
Sofia Da Mata,806.***.***-84,23.0,"jardim de lopes, 7",planalto,AM
André Araújo,819.***.***-13,45.0,"alameda de da mota, 94",vila paquetá,CE
Nathan Azevedo,285.***.***-82,87.0,"lagoa milena ramos, 4",caiçara - adelaide,AM
Camila Teixeira,982.***.***-40,48.0,"setor da cunha, 39",jardim montanhês,RJ
Srta. Clara Souza,510.***.***-71,27.0,"área peixoto, 32",flavio de oliveira,SE
Yuri Nascimento,129.***.***-73,59.0,"vereda matheus azevedo, 2",serrano,AC
Srta. Marcela Gonçalves,148.***.***-87,86.0,"praia raul campos, 12",conjunto providencia,CE
João Ramos,936.***.***-87,52.0,"jardim enzo da paz, 47",vila ouro minas,PR
Renan Rocha,720.***.***-92,44.0,"vale oliveira, 22",nova suíça,RS
Sr. Caio Souza,453.***.***-33,53.0,"conjunto maria vitória da cunha, 59",serra do curral,MG
Clarice Farias,743.***.***-22,57.0,"alameda maria fernanda castro, 87",maravilha,PI
Marcos Vinicius Jesus,597.***.***-00,74.0,"praça de moraes, 588",nova america,PA
João Pedro Nunes,910.***.***-42,36.0,"jardim de ramos, 69",vila nova gameleira 3ª seção,PA
Levi Farias,659.***.***-52,48.0,"quadra mendes, 42",vila pinho,GO
Dr. Enzo Da Costa,791.***.***-75,42.0,"campo marcela silveira, 66",álvaro camargos,AM
Heloísa Alves,029.***.***-79,88.0,"fazenda de moraes, 637",buraco quente,PR
Luiz Henrique Da Mota,842.***.***-91,22.0,"recanto alves, 105",saudade,RR
Camila Caldeira,903.***.***-03,56.0,"lago jesus, 71",frei leopoldo,MA
Arthur Mendes,918.***.***-05,52.0,esplanada cauã teixeira,jardim américa,SP
João Felipe Campos,362.***.***-06,55.0,"praia heitor castro, 6",jardim leblon,MS
Guilherme Azevedo,174.***.***-16,63.0,"viela benjamin campos, 1",pompéia,CE
Dra. Laura Cunha,364.***.***-50,48.0,"núcleo castro, 7",maria helena,BA
Noah Moraes,108.***.***-12,57.0,"estrada lucas gabriel caldeira, 856",joão pinheiro,MG
Davi Lucca Lopes,260.***.***-90,35.0,"trecho freitas, 427",alto dos pinheiros,AP
Sophia Da Cruz,621.***.***-15,41.0,via ribeiro,flavio de oliveira,PR
Igor Da Luz,740.***.***-85,48.0,"lago silva, 75",vila oeste,AC
Dr. Samuel Nascimento,692.***.***-73,88.0,"travessa duarte, 59",brasil industrial,RO
Maria Fernanda Freitas,968.***.***-28,68.0,favela sarah porto,conjunto são francisco de assis,DF
Eduarda Costa,206.***.***-68,30.0,"morro enzo gabriel teixeira, 84",mirtes,RS
Lorenzo Monteiro,069.***.***-20,45.0,"área da mota, 13",minas caixa,AP
Caroline Cardoso,618.***.***-17,53.0,"viaduto de moreira, 1",vera cruz,DF
Henrique Da Rocha,329.***.***-99,23.0,"núcleo luiz gustavo costela, 99",juliana,SE
Lucas Gabriel Oliveira,743.***.***-38,54.0,via araújo,são cristóvão,SE
Sr. Arthur Jesus,418.***.***-93,98.0,lago de cardoso,santa cecilia,MG
Marcos Vinicius Da Cunha,572.***.***-43,50.0,viaduto de cardoso,inconfidência,PA
Antônio Nogueira,061.***.***-71,21.0,"quadra de da mata, 49",ouro minas,MT
Sophia Monteiro,601.***.***-15,92.0,"núcleo araújo, 155",lindéia,PA
Dr. Leandro Silva,497.***.***-85,58.0,"estação silva, 18",serra,AM
Amanda Farias,185.***.***-08,,"praia lavínia moraes, 29",conjunto jatoba,RJ
Srta. Luna Peixoto,912.***.***-23,55.0,"fazenda rafaela costela, 37",havaí,CE
Sr. Igor Campos,183.***.***-62,56.0,"fazenda ferreira, 849",lagoa,AP
Maria Sophia Correia,948.***.***-75,,"residencial alana dias, 51",vitoria,TO
Bruno Da Cruz,293.***.***-73,25.0,"rua evelyn da cunha, 2",alta tensão 1ª seção,ES
Amanda Cavalcanti,351.***.***-00,57.0,"fazenda de duarte, 99",são sebastião,AC
Bruno Melo,721.***.***-52,60.0,"trevo de da costa, 7",esplanada,AC
Dra. Elisa Nunes,875.***.***-05,37.0,"vale erick moreira, 48",vila nova cachoeirinha 2ª seção,AP
Calebe Ramos,942.***.***-40,62.0,"parque de moraes, 36",gutierrez,TO
Sr. Arthur Moraes,306.***.***-87,83.0,"passarela lima, 87",jatobá,RJ
Júlia Silveira,913.***.***-57,75.0,pátio vitor gabriel rocha,são joão batista,SC
Sra. Isabelly Silva,732.***.***-00,36.0,"rodovia agatha lopes, 7",vila são gabriel,DF
Dr. Otávio Azevedo,457.***.***-30,81.0,"aeroporto de ferreira, 2",santa helena,CE
Maria Cecília Aragão,264.***.***-49,,"trevo aragão, 535",salgado filho,GO
Noah Da Rosa,742.***.***-22,61.0,"avenida ferreira, 7",antonio ribeiro de abreu 1ª seção,DF
Sra. Laura Azevedo,540.***.***-71,39.0,viaduto marcelo ramos,universo,SP
Dr. Francisco Moreira,702.***.***-08,26.0,"núcleo silva, 7",jaraguá,CE
Mariane Das Neves,912.***.***-05,46.0,"rodovia de freitas, 782",parque são josé,SC
Enzo Monteiro,309.***.***-56,35.0,"quadra silveira, 76",joão paulo ii,MG
Diego Da Rocha,093.***.***-83,38.0,"conjunto da rosa, 22",pindura saia,MS
Ana Laura Da Cruz,798.***.***-49,88.0,parque rodrigues,vila da amizade,RO
Ana Sophia Gomes,384.***.***-46,46.0,"lagoa porto, 44",unidas,GO
Ana Laura Costa,502.***.***-85,54.0,"vila sales, 913",bela vitoria,SP
Felipe Souza,187.***.***-84,57.0,"setor peixoto, 47",palmeiras,SE
Luana Novaes,287.***.***-87,81.0,"parque luiz gustavo da conceição, 34",santa margarida,RS
Sra. Yasmin Nogueira,360.***.***-15,50.0,"lago de rocha, 482",belmonte,PE
Benício Melo,904.***.***-67,23.0,recanto maitê pereira,vila suzana primeira seção,DF
Daniela Aragão,726.***.***-53,60.0,"feira otávio pereira, 93",piraja,RR
Davi Luiz Sales,740.***.***-13,46.0,"trecho joão gabriel pires, 64",nova pampulha,RS
Milena Souza,904.***.***-70,87.0,"praça de ribeiro, 9",santa inês,SP
Maria Eduarda Ferreira,438.***.***-60,76.0,passarela de caldeira,vila sesc,AP
Sr. Diogo Lima,302.***.***-00,31.0,estrada danilo monteiro,conjunto califórnia ii,BA
Dr. Carlos Eduardo Araújo,496.***.***-47,41.0,"rodovia sophia rodrigues, 88",vila independencia 2ª seção,RR
Marina Gomes,934.***.***-00,100.0,lagoa souza,copacabana,ES
Gustavo Henrique Duarte,254.***.***-60,25.0,"área ana sophia pereira, 32",minas caixa,TO
Caio Ramos,832.***.***-73,29.0,"viaduto de sales, 92",buraco quente,AL
Rafael Nunes,462.***.***-19,90.0,"núcleo monteiro, 504",são bernardo,TO
Enzo Gabriel Cardoso,726.***.***-67,39.0,núcleo ribeiro,vila nova cachoeirinha 1ª seção,PE
Davi Cardoso,065.***.***-90,20.0,"praça ana júlia rezende, 38",vila coqueiral,PA
Daniel Pires,274.***.***-47,41.0,"avenida bruna rodrigues, 724",diamante,ES
Brenda Da Mata,532.***.***-19,46.0,"pátio rocha, 75",havaí,AC
Samuel Dias,852.***.***-24,40.0,"viaduto enzo gabriel moreira, 72",vila real 2ª seção,CE
Gustavo Henrique Da Costa,917.***.***-50,20.0,"residencial ribeiro, 60",flamengo,RO
Theo Fogaça,091.***.***-05,50.0,"travessa cardoso, 95",alta tensão 1ª seção,MT
Sra. Alexia Carvalho,483.***.***-71,25.0,quadra lorenzo pires,vila olhos d'água,AC
Juliana Martins,432.***.***-56,87.0,campo de souza,vila jardim são josé,RR
Luiz Gustavo Da Rosa,280.***.***-97,87.0,"via de da paz, 5",dona clara,AL
Gabriela Freitas,367.***.***-26,31.0,"trevo carvalho, 9",grajaú,BA
Enzo Gabriel Vieira,812.***.***-76,24.0,travessa novaes,boa vista,TO
Srta. Luna Nascimento,815.***.***-60,71.0,"passarela de nascimento, 916",joão paulo ii,AL
Sophie Da Mata,971.***.***-97,72.0,"avenida de almeida, 78",vila atila de paiva,AL
Clarice Alves,973.***.***-65,25.0,avenida heloísa costa,cabana do pai tomás,AC
Catarina Rodrigues,138.***.***-84,86.0,"núcleo farias, 97",lourdes,RR
Antônio Vieira,017.***.***-53,91.0,"favela de lopes, 473",lagoinha leblon,PR
Dr. Nicolas Da Conceição,105.***.***-80,28.0,"quadra mariana costela, 87",grajaú,BA
Maria Alice Da Costa,290.***.***-92,90.0,"rua cardoso, 76",olhos d'água,MA
Sr. Lucca Martins,906.***.***-70,58.0,"pátio paulo da rosa, 93",belvedere,TO
João Pedro Costa,532.***.***-41,70.0,feira cardoso,conjunto minas caixa,RN
Maitê Gonçalves,034.***.***-20,99.0,"distrito giovanna rodrigues, 37",marieta 3ª seção,PR
Ana Laura Ferreira,326.***.***-74,74.0,estrada de ramos,garças,RO
Sabrina Da Mata,172.***.***-02,32.0,"viela de moraes, 56",vila maria,MS
Alexandre Das Neves,183.***.***-24,95.0,"área de novaes, 52",itapoa,ES
Isadora Da Cunha,471.***.***-31,56.0,"viaduto freitas, 622",jardim atlântico,PE
Dr. Luigi Fernandes,834.***.***-55,74.0,"distrito thomas pires, 77",bairro das indústrias ii,MT
Sr. Yago Cavalcanti,758.***.***-05,95.0,estrada melo,vila independencia 3ª seção,AM
Carolina Peixoto,396.***.***-96,65.0,"loteamento dias, 21",camponesa 1ª seção,RN
Ana Lívia Porto,067.***.***-44,76.0,"colônia vieira, 6",milionario,SE
Henrique Da Mata,896.***.***-74,35.0,"aeroporto vinicius rezende, 18",conjunto são francisco de assis,PR
Enrico Aragão,490.***.***-75,95.0,"praça almeida, 95",vila novo são lucas,AP
Milena Cavalcanti,523.***.***-70,27.0,"trecho kevin castro, 70",são geraldo,PR
Davi Lucca Melo,731.***.***-14,98.0,"passarela kamilly moreira, 704",cardoso,SP
Clarice Fernandes,192.***.***-73,89.0,"vereda jesus, 7",esplanada,SP
Dr. Luiz Fernando Das Neves,146.***.***-37,60.0,"viaduto de martins, 24",vila antena,RO
Caio Azevedo,428.***.***-82,75.0,"largo cardoso, 23",vila nova gameleira 2ª seção,AL
Enrico Novaes,457.***.***-38,75.0,"vila heloísa barbosa, 666",conjunto são francisco de assis,RN
Ana Clara Moreira,075.***.***-53,89.0,residencial de aragão,andiroba,SC
Enrico Ribeiro,965.***.***-66,28.0,"loteamento lopes, 2",vila satélite,CE
Evelyn Aragão,548.***.***-07,87.0,"estrada rebeca caldeira, 440",marçola,GO
Thales Moreira,406.***.***-07,65.0,quadra farias,jardim guanabara,RO
Heitor Mendes,097.***.***-61,58.0,lagoa de farias,alta tensão 2ª seção,AL
Sarah Nascimento,938.***.***-10,42.0,"largo de da costa, 400",vila jardim alvorada,CE
Sra. Yasmin Melo,510.***.***-49,20.0,"loteamento almeida, 821",conjunto santa maria,TO
Sr. Marcelo Costela,895.***.***-38,25.0,"chácara clarice da costa, 135",cardoso,BA
Maria Cecília Araújo,752.***.***-52,77.0,"distrito nathan melo, 3",universitário,PA
Enzo Gabriel Ribeiro,965.***.***-02,65.0,"recanto nunes, 87",vila união,AP
Miguel Da Rosa,168.***.***-03,45.0,"esplanada carvalho, 8",paulo vi,CE
Maria Vitória Ferreira,914.***.***-69,25.0,"lago lima, 6",providencia,SP
Sr. Vitor Gabriel Gomes,348.***.***-60,50.0,"vale costela, 49",jonas veiga,MT
Bianca Pinto,541.***.***-06,82.0,"lagoa sales, 43",vila santa monica 2ª seção,AL
Igor Melo,519.***.***-39,98.0,viaduto nogueira,grota,RO
Sra. Vitória Carvalho,528.***.***-38,37.0,"jardim fernanda moura, 767",cdi jatoba,AM
Sofia Duarte,412.***.***-28,20.0,"morro isaac freitas, 543",vila nova cachoeirinha 2ª seção,RR
Brenda Nogueira,160.***.***-33,58.0,"pátio de almeida, 4",mala e cuia,TO
Rafael Fogaça,569.***.***-68,95.0,"setor de da rosa, 401",nova vista,SP
Ana Nascimento,295.***.***-61,74.0,"chácara de martins, 14",nossa senhora do rosário,RN
Dr. Juan Da Rocha,475.***.***-80,77.0,"ladeira de da mota, 16",vila jardim leblon,MT
Ana Laura Rocha,531.***.***-70,34.0,"sítio thomas rodrigues, 41",são damião,AL
Maria Alice Da Rocha,906.***.***-22,92.0,"travessa de correia, 46",guarani,AC
Elisa Lopes,790.***.***-30,,passarela alexandre da cunha,vila coqueiral,RR
Davi Lucca Pereira,597.***.***-60,72.0,"jardim de barros, 16",vila califórnia,CE
Marina Fogaça,410.***.***-20,63.0,"praça luiz henrique correia, 81",guaratã,PE
Bernardo Ramos,105.***.***-98,83.0,"lagoa luiza gonçalves, 979",piratininga,SE
Ana Lívia Lopes,971.***.***-02,65.0,"parque de barbosa, 57",anchieta,GO
Miguel Silva,920.***.***-00,42.0,"ladeira das neves, 9",nova floresta,PE
Sr. Arthur Da Cruz,693.***.***-38,85.0,lago de cavalcanti,vila betânia,TO
Julia Da Mota,571.***.***-20,77.0,"feira nogueira, 68",santo antônio,TO
Agatha Rocha,853.***.***-30,55.0,setor de dias,são benedito,RS
Isabel Cardoso,608.***.***-40,97.0,"campo da mata, 42",morro dos macacos,MG
Marcos Vinicius Moura,451.***.***-19,66.0,"parque dias, 687",paulo vi,PR
Levi Da Cunha,718.***.***-75,100.0,"colônia de viana, 6",pongelupe,SE
Cauã Vieira,427.***.***-61,78.0,via da mata,bernadete,RO
Maria Alice Ferreira,105.***.***-80,40.0,"praça de duarte, 194",guarani,MT
Dra. Isabelly Souza,725.***.***-30,35.0,"campo de moura, 60",primeiro de maio,RN
Heitor Rezende,174.***.***-39,74.0,"área duarte, 628",conjunto lagoa,RR
Maria Vitória Jesus,493.***.***-70,49.0,"sítio de moura, 13",paraíso,RS
Emanuel Duarte,762.***.***-76,23.0,"rua de fogaça, 71",ouro preto,AM
Ian Lima,163.***.***-66,89.0,"rua de martins, 9",união,AC
Vitor Alves,687.***.***-22,29.0,"esplanada ana laura oliveira, 667",ribeiro de abreu,DF
Rafael Ramos,946.***.***-84,71.0,"esplanada almeida, 4",vila fumec,PR
Ryan Da Cunha,412.***.***-52,89.0,morro de cardoso,camponesa 2ª seção,GO
Maria Da Cunha,539.***.***-06,79.0,residencial de duarte,vila união,PE
Srta. Milena Cardoso,832.***.***-40,67.0,"praça almeida, 71",capitão eduardo,RJ
Bryan Ramos,043.***.***-89,32.0,"praia costa, 35",jardim leblon,GO
Luigi Santos,273.***.***-52,39.0,"via luigi peixoto, 61",são gabriel,AP
Isabella Duarte,023.***.***-17,45.0,"estrada diogo da mata, 91",vila nova cachoeirinha 3ª seção,PI
Sophie Azevedo,214.***.***-49,99.0,"rua kaique freitas, 8",universo,RR
Matheus Carvalho,592.***.***-09,62.0,viela de almeida,união,RN
Júlia Da Cruz,714.***.***-39,96.0,lagoa joão pedro alves,das industrias i,PB
Vitor Peixoto,489.***.***-06,78.0,"trevo de cardoso, 40",vale do jatoba,RS
Amanda Castro,305.***.***-41,46.0,"favela erick pereira, 672",vila copacabana,AM
Lucas Lima,240.***.***-01,93.0,"vale igor castro, 928",maravilha,BA
Raquel Ramos,052.***.***-25,68.0,"vereda de costa, 27",madre gertrudes,RN
Dra. Rebeca Nascimento,431.***.***-37,84.0,"residencial nogueira, 954",vila oeste,PB
Theo Da Conceição,846.***.***-46,30.0,"fazenda maria ribeiro, 81",vila são paulo,SE
Thiago Da Cunha,631.***.***-24,92.0,"viela de aragão, 291",união,RJ
Davi Lucas Moreira,169.***.***-02,61.0,"estrada de da costa, 92",vila do pombal,PA
Helena Costela,950.***.***-68,30.0,"colônia de fogaça, 78",vila aeroporto jaraguá,AC
Beatriz Peixoto,243.***.***-96,82.0,"campo de moura, 904",alto caiçaras,PE
Luigi Fernandes,846.***.***-20,50.0,"estação igor cunha, 21",pilar,PB
Gabrielly Almeida,831.***.***-14,68.0,"estrada da conceição, 23",indaiá,MS
Samuel Sales,439.***.***-55,77.0,"morro de costela, 73",vila da luz,MG
Dr. Otávio Costa,095.***.***-59,38.0,"chácara da conceição, 2",juliana,BA
Srta. Ana Beatriz Da Mata,429.***.***-67,93.0,"feira de martins, 79",vitoria da conquista,PA
João Rodrigues,594.***.***-76,27.0,"colônia duarte, 56",marmiteiros,PE
Nathan Farias,521.***.***-32,41.0,"travessa joana gonçalves, 44",lajedo,AL
Dr. Rafael Pereira,581.***.***-55,58.0,"sítio isis campos, 81",distrito industrial do jatoba,AC
Júlia Pereira,871.***.***-12,31.0,lagoa santos,petropolis,MT
Dra. Laura Barbosa,031.***.***-04,69.0,"ladeira de moura, 84",nova suíça,RR
Juliana Pinto,385.***.***-93,72.0,"rodovia sales, 21",vila canto do sabiá,PI
Joana Monteiro,138.***.***-39,57.0,"parque de costela, 668",aguas claras,TO
Dr. Yago Da Rocha,698.***.***-28,77.0,"fazenda cavalcanti, 859",alto barroca,MT
Miguel Nogueira,869.***.***-22,58.0,quadra de ferreira,cenaculo,PI
Isadora Da Rocha,725.***.***-70,97.0,"via igor da mata, 81",laranjeiras,ES
Clara Costela,380.***.***-50,83.0,"trevo joão pedro araújo, 7",sagrada família,DF
Dr. Enzo Gabriel Rocha,473.***.***-61,64.0,"condomínio da cunha, 4",unidas,PA
Maysa Monteiro,615.***.***-44,96.0,"parque henrique teixeira, 32",grotinha,RR
Maria Alice Da Rosa,710.***.***-66,31.0,"vereda silveira, 8",bom jesus,RR
Maysa Lopes,196.***.***-76,62.0,"avenida de araújo, 28",esplanada,RS
Srta. Yasmin Jesus,586.***.***-44,93.0,"fazenda letícia costela, 6",petropolis,AM
Mariana Costela,372.***.***-00,40.0,"campo peixoto, 75",independência,SC
Clara Almeida,842.***.***-92,37.0,"parque eloah costa, 91",são geraldo,RS
Sofia Aragão,687.***.***-08,37.0,"rua de santos, 955",ambrosina,RS
Elisa Barros,546.***.***-20,29.0,"estrada sales, 13",jardim felicidade,RN
Joana Silva,349.***.***-57,26.0,chácara miguel fogaça,laranjeiras,PE
Lorenzo Porto,812.***.***-13,65.0,"avenida de araújo, 1",nossa senhora da aparecida,GO
Vitória Barbosa,583.***.***-77,49.0,"vale de monteiro, 267",marieta 2ª seção,ES
Alícia Da Rosa,035.***.***-51,86.0,"trecho luana barros, 338",santa maria,MG
Lucas Monteiro,739.***.***-75,99.0,"parque enzo almeida, 62",piratininga,AC
Rodrigo Caldeira,816.***.***-37,49.0,condomínio joana lima,piratininga,MT
Luna Rezende,456.***.***-57,53.0,"esplanada matheus da costa, 90",paulo vi,RN
Diogo Rezende,680.***.***-24,83.0,"residencial novaes, 84",vila da amizade,PI
Anthony Da Costa,805.***.***-21,67.0,"praia ian da mota, 383",nova cintra,RO
Maria Cecília Vieira,716.***.***-55,60.0,rodovia emanuel da cruz,nova esperança,PE
Sra. Maria Julia Novaes,019.***.***-01,44.0,"ladeira da cruz, 635",coqueiros,BA
João Pedro Peixoto,243.***.***-55,66.0,"trecho cavalcanti, 3",acaba mundo,PR
Alana Fernandes,198.***.***-09,49.0,"estação rocha, 975",marieta 2ª seção,SC
Sra. Mirella Rezende,247.***.***-50,52.0,"vale de cavalcanti, 98",vila havaí,ES
Gabrielly Moreira,608.***.***-62,54.0,"lago caldeira, 363",barão homem de melo 1ª seção,AM
Sra. Sofia Souza,605.***.***-48,92.0,"vila gomes, 366",serra,PB
Mariane Melo,735.***.***-77,76.0,"rodovia ana beatriz cardoso, 97",etelvina carneiro,PR
Lorena Souza,048.***.***-49,38.0,"vereda sales, 83",ouro minas,AL
Fernando Da Mata,280.***.***-08,29.0,"ladeira clara da cruz, 37",aparecida 7ª seção,PB
Laura Cardoso,821.***.***-17,31.0,"setor de costa, 1",nova america,ES
Marina Da Cruz,724.***.***-26,53.0,"avenida castro, 718",santo agostinho,PE
Maria Rocha,163.***.***-03,42.0,"recanto isabel da conceição, 6",vila madre gertrudes 4ª seção,RS
Pedro Henrique Almeida,318.***.***-57,48.0,"núcleo de rodrigues, 95",maria virgínia,AM
Dr. Davi Luiz Nunes,604.***.***-16,90.0,"setor de barros, 58",vila ouro minas,SP
Vitor Gabriel Costela,175.***.***-43,58.0,"praia pietra caldeira, 60",túnel de ibirité,GO
Dr. Luigi Barbosa,641.***.***-39,,"quadra yasmin caldeira, 4",salgado filho,PE
Rodrigo Azevedo,687.***.***-75,24.0,praia de nogueira,califórnia,ES
Pedro Henrique Cardoso,324.***.***-04,52.0,"rua de castro, 65",vila jardim são josé,PA
Sr. João Cardoso,032.***.***-74,21.0,"pátio antônio da mota, 79",maria virgínia,PR
Maria Julia Nunes,381.***.***-35,78.0,setor de ferreira,lorena,RN
Fernanda Duarte,453.***.***-15,25.0,"vereda da rocha, 6",bandeirantes,MA
Marcos Vinicius Oliveira,280.***.***-95,83.0,"parque de azevedo, 8",lagoinha leblon,AL
Leandro Aragão,124.***.***-32,,"campo gabriela rodrigues, 9",piraja,AC
Maria Alice Vieira,832.***.***-44,71.0,"via nogueira, 82",andiroba,SE
Ana Luiza Jesus,541.***.***-91,67.0,Endereço inválido,Desconhecido,Desconhecido
Guilherme Cardoso,197.***.***-21,73.0,"trevo nicole da cruz, 7",conjunto providencia,RS
Luiz Felipe Azevedo,439.***.***-52,50.0,"campo erick fernandes, 464",são benedito,AC
Nathan Araújo,813.***.***-89,62.0,quadra de martins,nazare,AM
Clara Ferreira,467.***.***-28,81.0,"fazenda de ferreira, 76",conjunto paulo vi,MS
Felipe Da Mata,634.***.***-69,88.0,"estrada gabrielly rocha, 634",ouro minas,PA
Enzo Gabriel Azevedo,789.***.***-48,69.0,"estação cardoso, 175",barão homem de melo 1ª seção,SC
Maitê Barbosa,231.***.***-07,22.0,"estrada duarte, 37",marmiteiros,MS
Srta. Isis Da Cruz,073.***.***-78,91.0,"praia moreira, 20",são jorge 2ª seção,TO
Otávio Da Mata,835.***.***-29,53.0,"largo de da cruz, 431",mangueiras,TO
Sophie Castro,165.***.***-09,42.0,"trevo de moraes, 78",bairro das indústrias ii,TO
Diogo Da Cunha,263.***.***-60,35.0,"distrito kaique costa, 17",novo glória,RJ
Benício Fernandes,389.***.***-77,32.0,"condomínio da cunha, 964",conjunto califórnia i,ES
João Pedro Silva,523.***.***-06,47.0,"praia de almeida, 38",vila nova gameleira 3ª seção,MG
Heloísa Cunha,260.***.***-83,22.0,"aeroporto santos, 94",ademar maldonado,PI
Bruno Novaes,190.***.***-93,75.0,"alameda de da mata, 18",barroca,MS
Levi Cavalcanti,291.***.***-55,81.0,"aeroporto aragão, 8",guarani,DF
João Pedro Lopes,407.***.***-96,55.0,"vereda daniel gonçalves, 6",bacurau,PB
Heloísa Da Luz,569.***.***-57,63.0,"conjunto de cunha, 63",estrela,SP
Lorena Gomes,298.***.***-65,21.0,"rodovia de cavalcanti, 47",capitão eduardo,AP
Milena Vieira,623.***.***-51,99.0,"loteamento thiago fernandes, 51",graça,PB
Milena Ramos,160.***.***-34,48.0,praça breno ribeiro,vista do sol,PB
Vitor Hugo Ramos,286.***.***-78,75.0,"viela alice nogueira, 65",olaria,MA
Ana Julia Nascimento,197.***.***-31,66.0,aeroporto cavalcanti,coqueiros,SE
Dr. Enrico Carvalho,254.***.***-00,56.0,travessa de santos,garças,MT
Vitor Hugo Cunha,701.***.***-39,93.0,"passarela isis porto, 38",capitão eduardo,PA
Dr. Samuel Moura,402.***.***-05,24.0,"parque daniel pinto, 7",vista alegre,MT
Luana Nascimento,314.***.***-50,32.0,"vila letícia da paz, 17",marajó,CE
Dra. Maria Vitória Viana,250.***.***-00,99.0,colônia de moura,morro dos macacos,PR
Sr. Calebe Duarte,936.***.***-04,62.0,"alameda joão pedro castro, 14",vila fumec,AM
Leonardo Costela,624.***.***-29,33.0,via de jesus,caetano furquim,MG
Benício Moreira,136.***.***-24,46.0,"feira marcos vinicius da cruz, 317",leonina,MA
Lucca Mendes,819.***.***-76,85.0,"via de ferreira, 44",cidade jardim,MG
Sophie Farias,741.***.***-00,89.0,"aeroporto de ribeiro, 65",mariquinhas,AM
Bruna Da Rocha,845.***.***-19,64.0,"loteamento otávio freitas, 74",camponesa 2ª seção,TO
Heitor Nascimento,493.***.***-84,83.0,área maria fernanda pinto,nova pampulha,MT
Rafael Porto,629.***.***-30,29.0,"alameda da mata, 64",vila boa vista,MG
Luiz Miguel Da Paz,647.***.***-80,32.0,"estrada de ribeiro, 73",buritis,MG
Srta. Pietra Duarte,913.***.***-04,98.0,"aeroporto de nascimento, 13",pongelupe,PR
Eloah Cunha,908.***.***-60,24.0,"chácara de costa, 62",aparecida,PI
Bruna Rodrigues,625.***.***-67,23.0,"campo da costa, 719",olaria,GO
Felipe Monteiro,172.***.***-68,99.0,"quadra de monteiro, 43",novo das industrias,CE
Isis Campos,178.***.***-41,40.0,estrada pereira,vila batik,PE
Vitor Novaes,586.***.***-08,79.0,"lagoa de da rocha, 60",jardim atlântico,PI
Yago Porto,907.***.***-01,44.0,"parque alícia cavalcanti, 234",vila piratininga,CE
Guilherme Campos,354.***.***-79,57.0,"largo de duarte, 24",barro preto,BA
Vitor Moraes,297.***.***-99,28.0,"campo enrico lima, 20",trevo,TO
João Gabriel Jesus,790.***.***-01,100.0,"favela martins, 7",barão homem de melo 2ª seção,ES
Dr. Vitor Hugo Rezende,796.***.***-58,30.0,"ladeira barros, 84",xodo-marize,AP
Dr. Arthur Carvalho,081.***.***-97,40.0,"jardim silveira, 35",dona clara,RR
Ryan Mendes,239.***.***-55,47.0,"viaduto evelyn ribeiro, 56",dom silverio,MG
Ana Laura Silva,485.***.***-47,79.0,"campo de farias, 77",paulo vi,AM
Lorenzo Novaes,370.***.***-05,46.0,"loteamento alice freitas, 3",santa lúcia,AL
Cauê Cardoso,019.***.***-60,20.0,"trecho alícia monteiro, 61",são jorge 3ª seção,AL
Dra. Ana Luiza Silveira,324.***.***-40,84.0,"alameda pinto, 59",cinquentenário,MT
Lavínia Azevedo,318.***.***-03,77.0,"condomínio larissa teixeira, 216",olhos d'água,BA
Letícia Jesus,451.***.***-19,78.0,"vale de da mata, 75",bela vitoria,TO
Bruna Ribeiro,352.***.***-10,73.0,trevo beatriz cardoso,prado,AP
Theo Da Mata,758.***.***-44,68.0,"feira souza, 65",santa helena,AL
João Gabriel Porto,956.***.***-91,53.0,"fazenda luiza campos, 62",horto,GO
Maria Julia Freitas,178.***.***-53,75.0,"loteamento de gomes, 86",liberdade,RS
Dr. Otávio Barros,683.***.***-21,28.0,"condomínio marina costela, 29",morro dos macacos,RR
Yasmin Gomes,827.***.***-35,,"feira letícia nascimento, 5",unidas,MA
Sofia Novaes,576.***.***-83,46.0,"aeroporto de ribeiro, 57",coração de jesus,MT
Ian Da Luz,152.***.***-77,37.0,"feira moura, 2",das industrias i,PB
Davi Luiz Souza,857.***.***-53,79.0,"favela peixoto, 76",mangueiras,PE
Cecília Araújo,032.***.***-26,22.0,"distrito rezende, 61",jardim américa,MT
Luiz Gustavo Duarte,381.***.***-44,62.0,"favela caldeira, 98",maria helena,DF
Ana Julia Cardoso,704.***.***-88,29.0,"chácara campos, 423",vila são geraldo,MG
Gabrielly Lima,560.***.***-30,100.0,"parque alves, 70",flavio de oliveira,RN
Heloísa Ribeiro,437.***.***-37,65.0,sítio luiz gustavo cunha,nova vista,RJ
Letícia Costa,530.***.***-70,45.0,"viela yago oliveira, 70",serrano,RN
Ana Beatriz Da Rocha,438.***.***-04,81.0,"alameda joão fernandes, 25",estrela do oriente,GO
Benjamin Moura,975.***.***-97,23.0,"trevo de rezende, 83",coqueiros,AL
Ana Julia Fogaça,103.***.***-70,39.0,"área de gonçalves, 31",vila real 2ª seção,RR
Clara Da Mata,354.***.***-00,42.0,"aeroporto de gomes, 936",vila santo antônio,MT
Fernanda Oliveira,102.***.***-14,44.0,"trevo correia, 72",olhos d'água,RN
Laura Das Neves,723.***.***-29,27.0,"viaduto vitor gabriel ferreira, 32",minas brasil,GO
Lívia Teixeira,694.***.***-29,41.0,"alameda teixeira, 9",vila são joão batista,AL
Eloah Moreira,904.***.***-00,91.0,"pátio de nunes, 3",vila nova dos milionarios,CE
Lívia Cardoso,619.***.***-61,89.0,campo de da paz,nova vista,PE
Augusto Freitas,930.***.***-01,64.0,"trevo marcos vinicius jesus, 4",alpes,AL
Raquel Fernandes,467.***.***-94,78.0,"parque de teixeira, 132",vila de sá,AM
Sr. Anthony Da Costa,614.***.***-07,34.0,"área lima, 7",vila são francisco,PI
Murilo Melo,431.***.***-80,24.0,"trecho pires, 10",nazare,MS
Srta. Mirella Barbosa,430.***.***-75,87.0,pátio de da rosa,glória,SE
Gabriela Das Neves,437.***.***-65,42.0,avenida emilly pereira,distrito industrial do jatoba,AL
Bruno Da Cunha,259.***.***-24,31.0,quadra costa,bonsucesso,MA
Alexandre Rodrigues,740.***.***-85,59.0,"vale rezende, 20",juliana,AL
Natália Rezende,784.***.***-11,63.0,"sítio nascimento, 64",são lucas,MG
Emilly Caldeira,732.***.***-07,25.0,"estrada eduardo porto, 85",boa vista,MA
Levi Azevedo,639.***.***-91,87.0,"estação da cruz, 13",primeiro de maio,PI
Nicole Da Rocha,567.***.***-90,25.0,"distrito clara viana, 41",lajedo,CE
Joana Moreira,435.***.***-51,66.0,"viela de das neves, 139",novo glória,DF
Maria Eduarda Almeida,573.***.***-56,73.0,"travessa de barros, 4",santa helena,PB
Marcela Da Cruz,876.***.***-78,94.0,"viela viana, 95",santa rita de cássia,CE
Helena Nunes,843.***.***-42,88.0,"feira vieira, 28",vila são dimas,SC
Isaac Oliveira,209.***.***-01,52.0,"rodovia cardoso, 377",santa cecilia,MT
Manuela Pinto,094.***.***-20,41.0,"praia almeida, 6",beira linha,AM
Bryan Ramos,681.***.***-94,38.0,"aeroporto de da rocha, 27",união,MS
Sr. Enzo Gabriel Fernandes,769.***.***-21,20.0,"rodovia laís nunes, 50",vila madre gertrudes 2ª seção,RR
Brenda Ramos,269.***.***-83,99.0,"rodovia de souza, 416",conjunto são francisco de assis,PI
Yuri Rezende,564.***.***-89,99.0,"praia costa, 3",vila santo antônio barroquinha,AC
Luiz Miguel Da Costa,630.***.***-34,75.0,via porto,conjunto capitão eduardo,PR
Enzo Nogueira,187.***.***-69,65.0,"campo cauã freitas, 66",xangri-lá,PB
Davi Lucca Azevedo,035.***.***-10,69.0,"condomínio cunha, 74",camponesa 2ª seção,PA
Luiz Otávio Fernandes,716.***.***-85,71.0,núcleo pietro barros,vila piratininga,PE
Thomas Correia,083.***.***-66,79.0,"aeroporto melo, 31",conjunto celso machado,AC
Davi Lucca Teixeira,647.***.***-26,84.0,"condomínio de lima, 66",mirtes,GO
Luiz Gustavo Ribeiro,149.***.***-78,31.0,"pátio davi lucca viana, 6",gameleira,PA
Pietra Da Mata,427.***.***-08,68.0,"feira gonçalves, 4",vila paquetá,AP
Joaquim Azevedo,016.***.***-16,70.0,núcleo viana,conjunto jatoba,RN
Sra. Agatha Melo,506.***.***-60,28.0,"feira de oliveira, 1",mariquinhas,RN
Maria Julia Lopes,613.***.***-68,57.0,"campo araújo, 10",tiradentes,GO
Dr. Marcelo Cardoso,862.***.***-07,80.0,lagoa ana sophia oliveira,pedreira padro lopes,RN
Catarina Moreira,207.***.***-11,34.0,"jardim sales, 42",conjunto minas caixa,RO
Heitor Vieira,089.***.***-92,76.0,"morro aragão, 796",estrela,MT
Luiz Fernando Da Luz,071.***.***-01,75.0,"aeroporto pietro oliveira, 4",parque são josé,RR
Sabrina Silva,216.***.***-69,86.0,"rodovia pedro henrique santos, 46",lagoa,AL
Luiz Henrique Martins,648.***.***-82,47.0,"praia ferreira, 17",heliopolis,RJ
Catarina Carvalho,196.***.***-10,48.0,"vila de farias, 46",minas caixa,AL
Ana Vitória Azevedo,529.***.***-01,78.0,"campo yasmin moreira, 49",funcionários,AP
Thales Campos,412.***.***-89,82.0,"avenida lavínia castro, 46",marieta 2ª seção,SP
Thales Oliveira,369.***.***-50,84.0,condomínio levi almeida,vila nova cachoeirinha 3ª seção,AM
Fernanda Cavalcanti,912.***.***-51,72.0,"viela isis gomes, 43",petropolis,AP
Dr. João Gabriel Da Conceição,831.***.***-00,48.0,"jardim luiz felipe duarte, 1",bela vitoria,RR
Noah Barros,310.***.***-86,34.0,"jardim almeida, 48",belvedere,MS
Dr. Felipe Novaes,685.***.***-59,53.0,"pátio de ribeiro, 16",pindura saia,RJ
Luiz Fernando Aragão,120.***.***-01,21.0,"ladeira mariane santos, 7",distrito industrial do jatoba,SE
Ana Júlia Cardoso,812.***.***-76,85.0,"vila silveira, 86",gameleira,PB
Marina Ramos,068.***.***-10,62.0,"ladeira duarte, 35",urca,MT
Dra. Joana Lopes,619.***.***-11,59.0,"viaduto de novaes, 952",dom cabral,SP
Isabel Duarte,146.***.***-87,59.0,"aeroporto isaac da conceição, 1",vila jardim montanhes,MT
Paulo Jesus,078.***.***-92,55.0,"fazenda de porto, 4",santa lúcia,PR
Laura Costa,540.***.***-25,86.0,"distrito de moraes, 56",alto vera cruz,AP
Sra. Milena Pinto,280.***.***-24,66.0,"jardim novaes, 13",sion,RO
Danilo Ribeiro,109.***.***-80,69.0,"ladeira de da conceição, 76",venda nova,TO
Lívia Nunes,742.***.***-23,50.0,"passarela de porto, 65",pousada santo antonio,PI
Alícia Rodrigues,349.***.***-16,53.0,"travessa de farias, 9",esplanada,RS
Agatha Rezende,057.***.***-79,96.0,"parque da luz, 3",grajaú,RR
Juliana Santos,605.***.***-59,95.0,"parque de silveira, 6",são jorge 3ª seção,MS
Maria Fernanda Da Conceição,408.***.***-50,64.0,"campo santos, 714",alto barroca,RJ
Daniela Barbosa,861.***.***-64,37.0,"área de moreira, 82",das industrias i,DF
Arthur Pinto,562.***.***-25,32.0,viela kamilly cunha,vista do sol,SP
Emanuel Aragão,910.***.***-57,44.0,"campo de da cruz, 22",conjunto são francisco de assis,SC
Dra. Alice Vieira,936.***.***-00,79.0,rodovia cunha,das industrias i,MA
Maria Cecília Moreira,805.***.***-71,67.0,"passarela joão pedro nunes, 6",vila oeste,DF
,532.***.***-41,76.0,"estação alves, 8",vila petropolis,PE
Maria Vitória Campos,380.***.***-57,58.0,"viela da costa, 16",canadá,MA
Isabel Da Conceição,819.***.***-93,91.0,"vale nogueira, 8",bela vitoria,CE
,013.***.***-69,46.0,"parque helena pires, 852",vila jardim são josé,AL
Dr. Thomas Nunes,967.***.***-46,83.0,"vereda da mota, 37",vila da luz,SE
Lucca Moura,718.***.***-35,39.0,"praia bryan martins, 8",santa amelia,SE
Diogo Souza,169.***.***-95,67.0,"largo maysa cavalcanti, 6",vila satélite,AP
Juliana Costa,980.***.***-39,55.0,"alameda de campos, 32",vila são rafael,AL
Eduarda Da Costa,739.***.***-48,90.0,"jardim de lima, 1",das industrias i,MT
Alana Freitas,427.***.***-73,52.0,aeroporto noah jesus,diamante,BA
Murilo Ramos,374.***.***-00,99.0,"feira jesus, 20",aparecida 7ª seção,DF
Cecília Souza,294.***.***-30,22.0,"campo emanuelly gonçalves, 51",novo glória,BA
Raul Martins,187.***.***-26,98.0,"alameda de carvalho, 150",saudade,RR
Renan Cavalcanti,072.***.***-77,71.0,"trevo nina pereira, 99",álvaro camargos,CE
Sr. Diego Pires,842.***.***-41,36.0,"morro eduarda farias, 92",aarão reis,AC
Sofia Da Rocha,719.***.***-03,59.0,"vale davi luiz dias, 709",vila oeste,CE
Lorenzo Dias,271.***.***-04,100.0,"favela elisa barbosa, 521",jardim vitoria,SC
Sr. Vitor Souza,426.***.***-83,76.0,"aeroporto laura gonçalves, 7",vila vista alegre,MG
Vitor Gabriel Cardoso,354.***.***-50,32.0,"setor de da luz, 81",são cristóvão,GO
Pedro Rodrigues,790.***.***-20,100.0,"trevo de moreira, 63",araguaia,PI
Eduarda Teixeira,745.***.***-17,78.0,"ladeira peixoto, 85",são marcos,MA
Daniel Oliveira,753.***.***-08,36.0,colônia maitê cardoso,copacabana,DF
Isadora Nogueira,129.***.***-05,31.0,"praia de campos, 94",candelaria,PR
Sr. Fernando Moraes,768.***.***-95,98.0,"área moreira, 8",grajaú,PA
Luiza Araújo,246.***.***-10,71.0,jardim de dias,mirtes,CE
Maria Luiza Pires,620.***.***-67,48.0,"viela de gonçalves, 79",vila havaí,SC
João Lucas Das Neves,974.***.***-49,50.0,"campo de nascimento, 5",serra do curral,SP
Vitor Gabriel Carvalho,387.***.***-92,88.0,"viaduto farias, 15",sagrada família,PR
Henrique Sales,196.***.***-39,59.0,"jardim cavalcanti, 94",petropolis,BA
Henrique Ferreira,360.***.***-07,31.0,"lago de lopes, 6",floramar,GO
Dra. Raquel Da Mota,263.***.***-78,35.0,"aeroporto de fogaça, 29",santa sofia,TO
Levi Melo,513.***.***-09,38.0,"travessa de da luz, 42",vila nova paraíso,MS
Ana Luiza Gomes,287.***.***-12,34.0,"estação de da costa, 211",pilar,PA
Isaac Fernandes,572.***.***-07,79.0,"recanto rodrigues, 80",minas caixa,PI
Leandro Fernandes,018.***.***-15,67.0,"praia daniel barbosa, 847",silveira,BA
Dr. Breno Sales,135.***.***-42,79.0,estação miguel rodrigues,coração de jesus,AL
Rafael Araújo,481.***.***-17,86.0,"trevo sofia moreira, 67",alta tensão 1ª seção,CE
Eduardo Da Costa,043.***.***-31,75.0,"quadra de alves, 729",camponesa 2ª seção,PA
Dra. Larissa Fernandes,562.***.***-00,99.0,"aeroporto jesus, 2",são francisco,ES
Milena Da Rocha,864.***.***-49,82.0,"alameda araújo, 53",piratininga,MS
Eduarda Aragão,362.***.***-90,78.0,"viela de sales, 68",nova esperança,TO
Sr. Ian Barbosa,149.***.***-70,68.0,"morro ryan da luz, 43",vila nova gameleira 2ª seção,PB
Ian Cardoso,731.***.***-78,85.0,área ferreira,jardim montanhês,AP
Vitor Gabriel Ferreira,916.***.***-01,55.0,"conjunto farias, 36",silveira,SE
Rodrigo Melo,982.***.***-89,46.0,praia marina da rosa,são jorge 3ª seção,AC
Anthony Rezende,831.***.***-66,95.0,"via de viana, 68",beija flor,SC
Sra. Bianca Farias,783.***.***-26,34.0,"viela campos, 2",anchieta,MG
João Carvalho,298.***.***-50,93.0,"vereda de aragão, 15",horto,RR
Benício Da Costa,783.***.***-07,31.0,"vereda de souza, 13",europa,PR
Yuri Alves,896.***.***-03,88.0,"colônia da costa, 7",ouro minas,SE
Gabriela Da Rosa,210.***.***-31,78.0,"vale de caldeira, 8",ribeiro de abreu,AL
Eduarda Da Conceição,238.***.***-00,,"praia de silva, 91",joão pinheiro,ES
Vicente Aragão,875.***.***-88,99.0,avenida da luz,vila inestan,AL
Srta. Sabrina Teixeira,682.***.***-89,90.0,"estrada de da rosa, 69",jonas veiga,AP
Antônio Santos,198.***.***-03,87.0,"morro da rocha, 84",tirol,MT
Dr. Lucca Pinto,526.***.***-09,23.0,"estrada sabrina freitas, 40",acaba mundo,DF
Emilly Vieira,924.***.***-33,74.0,"recanto miguel moraes, 45",penha,RS
Dr. Gabriel Da Mata,701.***.***-69,61.0,"feira de farias, 28",horto,RS
Emanuella Azevedo,406.***.***-01,71.0,"sítio moura, 50",ápia,GO
Ana Julia Rocha,618.***.***-60,49.0,"trevo davi lucca da cruz, 72",boa união 1ª seção,PI
Milena Castro,482.***.***-82,62.0,"chácara da mota, 218",conjunto floramar,RJ
Lavínia Peixoto,204.***.***-50,74.0,"feira martins, 78",estrela do oriente,RN
Enzo Gabriel Gomes,893.***.***-40,30.0,"setor luiz henrique monteiro, 4",madri,MG
Laura Fogaça,196.***.***-80,36.0,"chácara de da mota, 4",pompéia,PA
Sr. Vitor Da Mata,062.***.***-78,62.0,Endereço inválido,Desconhecido,Desconhecido
Sophie Pinto,023.***.***-40,31.0,residencial noah mendes,vila atila de paiva,SC
Sr. Kaique Peixoto,726.***.***-47,63.0,"fazenda moraes, 80",vila vista alegre,ES
Luiz Henrique Mendes,248.***.***-76,92.0,"travessa leandro da mata, 898",vila sesc,RO
Sr. Felipe Barros,569.***.***-57,50.0,"área raquel moura, 8",mangabeiras,TO
Ana Beatriz Pereira,798.***.***-01,56.0,condomínio de santos,jaraguá,MG
Sr. Rafael Silva,238.***.***-15,28.0,"estação lara almeida, 67",sagrada família,PE
Dra. Olivia Mendes,189.***.***-05,92.0,residencial de mendes,jardim guanabara,RR
Eduardo Sales,052.***.***-74,41.0,"aeroporto emanuel barros, 4",tres marias,DF
André Rodrigues,375.***.***-91,75.0,"trecho gomes, 3",barreiro,GO
Sophia Cavalcanti,092.***.***-56,93.0,"alameda paulo da cruz, 70",vila madre gertrudes 3ª seção,PR
Carolina Sales,519.***.***-40,34.0,"residencial pinto, 95",etelvina carneiro,DF
Lucas Monteiro,654.***.***-37,78.0,"lagoa de silveira, 91",trevo,PI
João Felipe Dias,850.***.***-42,54.0,"condomínio moura, 504",santa helena,SE
Dr. Ian Fogaça,248.***.***-32,95.0,distrito de cavalcanti,vila barragem santa lúcia,RJ
Lorena Barros,785.***.***-10,85.0,"favela letícia jesus, 34",novo ouro preto,MG
Sra. Ana Clara Teixeira,760.***.***-59,51.0,"feira de da conceição, 796",mangabeiras,SE
Natália Monteiro,481.***.***-60,83.0,morro de ramos,conjunto taquaril,AM
Eduarda Duarte,893.***.***-30,22.0,"quadra lopes, 69",vila da paz,CE
Larissa Carvalho,632.***.***-37,93.0,"jardim de carvalho, 5",santo andré,AL
Lara Moraes,549.***.***-09,21.0,"vereda araújo, 18",garças,PI
Sophie Da Rosa,254.***.***-50,99.0,"pátio fernandes, 59",vila ouro minas,AM
Olivia Martins,391.***.***-39,84.0,"jardim vinicius caldeira, 28",jonas veiga,DF
Thomas Barros,105.***.***-12,74.0,"passarela de araújo, 123",andiroba,AM
Davi Luiz Azevedo,478.***.***-31,61.0,"rodovia eduarda ramos, 87",engenho nogueira,PB
Danilo Santos,297.***.***-55,99.0,"viela ana júlia fernandes, 25",pirineus,AC
Sr. Enzo Porto,496.***.***-67,100.0,"vereda cauê barbosa, 141",conjunto providencia,MA
Bianca Alves,304.***.***-57,69.0,"campo rodrigues, 351",brasil industrial,MS
Alexia Das Neves,267.***.***-00,87.0,"residencial de sales, 5",vila cloris,SE
Esther Campos,523.***.***-53,60.0,"área de castro, 108",nova vista,PI
Ana Júlia Freitas,584.***.***-17,60.0,"estrada fernanda jesus, 2",santa margarida,AC
Maria Vitória Da Mata,826.***.***-76,59.0,"lagoa pietro da cruz, 524",vila santa monica 2ª seção,RO
Ryan Da Mata,172.***.***-80,22.0,"rodovia de porto, 90",marieta 2ª seção,GO
Emilly Ribeiro,584.***.***-05,23.0,"parque de gomes, 71",mala e cuia,PA
Bernardo Pinto,217.***.***-12,96.0,"esplanada de moura, 30",vila petropolis,PA
Nicole Peixoto,829.***.***-89,70.0,distrito moraes,indaiá,MS
Isaac Da Conceição,867.***.***-85,77.0,"lago da luz, 59",suzana,AM
Davi Lucca Santos,571.***.***-73,64.0,"favela beatriz da costa, 77",antonio ribeiro de abreu 1ª seção,RJ
Paulo Lopes,186.***.***-11,70.0,"passarela davi lucca lopes, 37",ernesto nascimento,MG
Sophie Vieira,938.***.***-83,38.0,"vereda de da mota, 564",jaqueline,MA
Rodrigo Da Cruz,648.***.***-11,53.0,"favela costa, 372",serra,GO
Sr. Samuel Barbosa,903.***.***-23,32.0,"distrito jesus, 34",vila rica,RS
Dr. Cauê Ramos,109.***.***-34,72.0,"viela de castro, 27",álvaro camargos,DF
Bruno Jesus,354.***.***-42,28.0,"campo moreira, 48",tirol,RN
Lívia Correia,843.***.***-65,54.0,"favela de da rocha, 6",carlos prates,MS
Enrico Da Rocha,241.***.***-05,28.0,condomínio maria julia cavalcanti,vila são dimas,PA
Rafaela Aragão,269.***.***-22,75.0,chácara maria fernanda castro,marajó,PB
Dr. Marcos Vinicius Farias,475.***.***-80,90.0,ladeira castro,jardim são josé,MA
Larissa Lopes,015.***.***-12,79.0,"largo cavalcanti, 96",floramar,SC
Isadora Carvalho,917.***.***-13,,"pátio de da paz, 57",são joão,SC
Sr. Vitor Da Rocha,234.***.***-51,79.0,"recanto de novaes, 32",serra do curral,TO
Isadora Pereira,501.***.***-06,94.0,"jardim stella da costa, 91",pompéia,BA
Dr. Bernardo Da Cunha,147.***.***-79,52.0,"residencial marina azevedo, 89",lagoinha leblon,MT
Gabrielly Mendes,954.***.***-50,48.0,"praça joão rezende, 30",céu azul,RJ
Sr. Bruno Da Mata,473.***.***-99,95.0,"chácara alice ferreira, 678",vila calafate,TO
Breno Rocha,237.***.***-52,62.0,estação de rodrigues,tres marias,PA
Luigi Ferreira,148.***.***-19,71.0,trevo vieira,nossa senhora aparecida,AP
Davi Lucca Da Cruz,862.***.***-78,73.0,"sítio de novaes, 75",vila são dimas,AL
Henrique Almeida,824.***.***-31,61.0,"área da costa, 29",dona clara,MS
Dr. Vitor Hugo Caldeira,943.***.***-42,38.0,"feira da costa, 17",vila dos anjos,SE
Alexia Souza,348.***.***-48,72.0,"lagoa alves, 97",buritis,MT
Luiza Azevedo,683.***.***-92,75.0,"recanto elisa da mota, 8",alípio de melo,AL
Dr. Kaique Da Mota,143.***.***-60,94.0,"setor vinicius moraes, 475",nossa senhora aparecida,TO
Laura Lima,051.***.***-41,84.0,"área oliveira, 91",são paulo,SP
Raul Rodrigues,039.***.***-05,56.0,"aeroporto da rocha, 499",estrela,BA
Joaquim Melo,305.***.***-21,93.0,"ladeira ribeiro, 6",vila santo antônio,PE
Benjamin Cardoso,054.***.***-44,82.0,"trevo da cunha, 2",são bento,AL
João Miguel Lopes,741.***.***-26,35.0,"via de nunes, 63",olaria,ES
Letícia Da Mota,587.***.***-02,26.0,"travessa de lopes, 205",mariano de abreu,CE
Levi Da Rocha,840.***.***-92,42.0,"via brenda cunha, 49",vila da ária,AC
Lorena Caldeira,625.***.***-60,55.0,"praça ana luiza fernandes, 5",conjunto jatoba,BA
Cauê Nogueira,473.***.***-64,98.0,recanto melo,conjunto providencia,ES
Sra. Yasmin Ferreira,805.***.***-68,87.0,"lago de da cunha, 6",custodinha,RN
Nicole Almeida,529.***.***-79,92.0,chácara joão gabriel nogueira,goiania,MG
Fernando Pereira,560.***.***-59,48.0,"trecho de rodrigues, 659",alto das antenas,PR
Breno Pereira,916.***.***-91,30.0,"residencial gabriela azevedo, 35",vila rica,PI
Clara Dias,190.***.***-50,40.0,"conjunto da conceição, 39",outro,DF
Dra. Milena Vieira,237.***.***-87,71.0,"campo camila das neves, 14",granja de freitas,MG
Vitor Gabriel Porto,394.***.***-43,88.0,"residencial luiza correia, 598",savassi,ES
Sr. Erick Da Rosa,971.***.***-84,27.0,núcleo de caldeira,vila são joão batista,AL
Marcos Vinicius Da Cunha,709.***.***-04,34.0,"lagoa de rodrigues, 23",vila nova,RN
Sra. Nina Pires,651.***.***-26,46.0,"viela eloah cunha, 42",vila suzana primeira seção,RS
Felipe Ribeiro,259.***.***-60,79.0,"núcleo maria julia cunha, 21",vila santa rosa,PE
Maria Julia Porto,864.***.***-07,37.0,alameda nascimento,vila suzana primeira seção,GO
Pedro Cardoso,125.***.***-50,37.0,"travessa de da rosa, 86",itaipu,PA
Rebeca Da Paz,047.***.***-66,59.0,"sítio de costa, 5",pantanal,TO
Enrico Gonçalves,637.***.***-46,86.0,campo bernardo barros,conjunto são francisco de assis,MG
Murilo Campos,031.***.***-22,99.0,recanto silva,joão paulo ii,SP
Olivia Porto,608.***.***-65,40.0,"conjunto almeida, 3",bela vitoria,AC
Mirella Da Conceição,854.***.***-05,41.0,"pátio joão lucas cardoso, 77",maria tereza,AM
Stephany Cardoso,453.***.***-46,91.0,"praia luiz gustavo da luz, 83",são joão batista,RO
Sr. Enrico Melo,829.***.***-89,,"esplanada farias, 252",caetano furquim,GO
Dr. Gabriel Souza,432.***.***-52,25.0,"rodovia de costela, 116",são geraldo,CE
Davi Jesus,914.***.***-70,53.0,"quadra vieira, 230",cdi jatoba,RO
Guilherme Freitas,517.***.***-07,45.0,"trecho de caldeira, 369",santa sofia,SE
Theo Costa,705.***.***-49,83.0,"largo joão santos, 10",vila batik,RN
Dr. Gustavo Henrique Das Neves,430.***.***-00,100.0,"setor juliana fogaça, 605",piraja,MA
Maria Luiza Gomes,821.***.***-53,82.0,"área ana vitória martins, 56",xodo-marize,BA
Davi Lucas Peixoto,610.***.***-07,38.0,"área thomas moraes, 58",canaa,RJ
Bruna Almeida,610.***.***-57,73.0,"chácara mendes, 64",varzea da palma,PR
Juliana Ramos,846.***.***-05,22.0,"vale de duarte, 5",horto florestal,AM
Sarah Nascimento,560.***.***-99,79.0,"alameda das neves, 1",planalto,MT
Brenda Da Luz,037.***.***-22,75.0,"viela danilo farias, 54",lagoa,PE
Heloísa Da Costa,648.***.***-19,82.0,"favela correia, 6",vila dos anjos,SE
Emanuella Araújo,758.***.***-82,66.0,rodovia maria julia peixoto,jardim guanabara,AC
Vitor Viana,036.***.***-34,67.0,"trecho de oliveira, 41",urca,AC
Yago Lopes,720.***.***-59,78.0,"lagoa danilo fogaça, 756",nova gameleira,RO
Lívia Souza,308.***.***-50,37.0,"colônia de correia, 93",laranjeiras,CE
Gabriela Cavalcanti,359.***.***-41,59.0,"setor oliveira, 4",são josé,MA
Enzo Nogueira,309.***.***-00,84.0,morro de ferreira,vila são joão batista,MG
Dr. Ian Barbosa,412.***.***-03,92.0,"alameda eduardo barros, 60",gameleira,PI
Gabriela Rocha,348.***.***-35,36.0,"área joaquim nogueira, 98",pedreira padro lopes,MA
Maria Julia Martins,576.***.***-12,83.0,"loteamento de nunes, 83",jatobá,PB
Dra. Marina Santos,950.***.***-02,59.0,"viela alana souza, 456",união,DF
Heloísa Teixeira,635.***.***-07,89.0,"viela de da cruz, 61",bonsucesso,PA
Paulo Farias,593.***.***-15,74.0,"esplanada thomas pires, 33",providencia,AP
Gabrielly Cardoso,127.***.***-43,97.0,estrada da cruz,aparecida,AP
Davi Aragão,598.***.***-20,37.0,"residencial de cardoso, 66",vila santo antônio,SE
Yago Peixoto,380.***.***-05,97.0,"condomínio de nunes, 436",vila betânia,PI
Erick Da Conceição,983.***.***-83,62.0,"morro nunes, 657",ipe,CE
Isis Araújo,216.***.***-13,71.0,"praia de campos, 82",vila oeste,SP
Dr. Nicolas Rezende,460.***.***-49,44.0,"esplanada marcela castro, 36",flavio de oliveira,PA
Sr. Samuel Nascimento,914.***.***-24,67.0,setor luana ramos,nova pampulha,AC
Sra. Maria Fernanda Barbosa,718.***.***-03,92.0,"esplanada pedro nascimento, 71",vila são paulo,GO
Luiz Felipe Farias,069.***.***-74,82.0,"favela kaique fogaça, 19",castelo,AL
Sr. Calebe Silva,402.***.***-49,63.0,rodovia de castro,santa branca,ES
Emanuella Gonçalves,107.***.***-02,71.0,Endereço inválido,Desconhecido,Desconhecido
Augusto Oliveira,246.***.***-17,34.0,"colônia costa, 81",vera cruz,RO
Pedro Azevedo,953.***.***-65,70.0,"vale vieira, 49",comiteco,RS
Sra. Maria Luiza Fogaça,650.***.***-06,69.0,"recanto de moreira, 426",santo agostinho,MT
Eduarda Oliveira,365.***.***-83,60.0,"sítio clarice sales, 99",silveira,PB
Paulo Ramos,490.***.***-43,23.0,sítio azevedo,vila mantiqueira,DF
Beatriz Pires,275.***.***-21,35.0,recanto de castro,centro,MA
Fernando Azevedo,790.***.***-99,30.0,"estação rafael nunes, 90",jardim são josé,RO
Eloah Silva,037.***.***-61,90.0,"viela da rocha, 160",barão homem de melo 2ª seção,BA
Caio Araújo,407.***.***-14,36.0,"morro ribeiro, 11",casa branca,GO
Sra. Valentina Sales,269.***.***-31,86.0,"sítio ramos, 73",cachoeirinha,MG
Melissa Cunha,719.***.***-73,27.0,"ladeira luiza pinto, 9",conjunto minas caixa,MT
Laís Da Paz,139.***.***-33,99.0,"lagoa cavalcanti, 12",vila ecológica,SP
Heitor Silveira,183.***.***-89,91.0,avenida azevedo,santa maria,MA
Fernanda Moraes,064.***.***-44,46.0,"avenida rocha, 13",alta tensão 2ª seção,PI
Alana Souza,801.***.***-42,52.0,"praia moreira, 1",cardoso,SE
Srta. Caroline Da Rosa,192.***.***-98,53.0,"passarela rocha, 96",buraco quente,SP
Stephany Vieira,682.***.***-22,48.0,"travessa guilherme carvalho, 7",jonas veiga,MS
Enzo Barros,794.***.***-16,69.0,"estação fernandes, 85",nova floresta,GO
Caroline Peixoto,036.***.***-30,69.0,"loteamento thales pires, 51",vila união,RR
Maria Vitória Novaes,804.***.***-58,41.0,"via vieira, 26",ouro preto,GO
Bruna Moura,240.***.***-06,96.0,"quadra amanda martins, 4",universo,MG
Maitê Peixoto,501.***.***-58,63.0,"distrito caldeira, 95",serra,PI
Dr. Anthony Barbosa,749.***.***-20,21.0,"distrito de fogaça, 13",pompéia,AP
Alexandre Jesus,269.***.***-34,71.0,"aeroporto de fogaça, 74",vila santa monica 2ª seção,BA
Marcos Vinicius Campos,421.***.***-22,47.0,"trecho de barbosa, 7",são josé,RJ
João Miguel Moura,371.***.***-05,,"praça de costela, 38",renascença,MS
Ana Júlia Cardoso,096.***.***-00,,"praia da mata, 88",vila piratininga venda nova,RJ
Stella Rodrigues,870.***.***-92,,"loteamento maria alice costela, 63",santa maria,ES
Rebeca Da Rosa,640.***.***-22,13.0,trecho da mata,barroca,SC
Henrique Monteiro,378.***.***-73,7.0,"largo theo silva, 91",nossa senhora da conceição,SP
Ana Beatriz Teixeira,243.***.***-17,,"viaduto ferreira, 22",goiania,PE
Luigi Da Rosa,316.***.***-87,7.0,"pátio de rocha, 4",cinquentenário,MG
Melissa Dias,170.***.***-05,12.0,"quadra isabel castro, 40",biquinhas,PI
Beatriz Nunes,483.***.***-44,,"praça das neves, 274",são jorge 3ª seção,SC
Raquel Campos,213.***.***-13,,"estação ana lívia farias, 3",vila santa rosa,GO
Alícia Nascimento,578.***.***-59,,"aeroporto alícia vieira, 84",comiteco,TO
Maria Julia Vieira,495.***.***-67,,"vale oliveira, 15",gameleira,PR
Igor Ramos,695.***.***-77,8.0,"lago de caldeira, 4",beija flor,AC
Alice Cardoso,123.***.***-09,6.0,"viaduto araújo, 76",são bento,PR
Julia Das Neves,201.***.***-32,,"praça maria sophia da cunha, 71",vila batik,PI
Kamilly Rezende,470.***.***-74,,"setor de pires, 39",conjunto jatoba,RO
Breno Freitas,205.***.***-41,18.0,"loteamento de ferreira, 24",nova suíça,PA
Ana Lívia Da Paz,347.***.***-69,20.0,"ladeira gomes, 10",califórnia,RJ
Sr. Daniel Cavalcanti,609.***.***-33,8.0,"núcleo de da paz, 894",sion,GO
Sr. Pedro Cavalcanti,863.***.***-84,3.0,recanto de melo,nossa senhora do rosário,BA
João Melo,053.***.***-20,,"via de santos, 172",jardinópolis,AL
Eloah Viana,694.***.***-22,,"chácara isabella melo, 9",engenho nogueira,PB
Catarina Vieira,631.***.***-28,,"lagoa moraes, 1",fazendinha,GO
Dra. Emanuelly Da Luz,549.***.***-20,,"trevo peixoto, 13",jardim alvorada,RS
Júlia Araújo,324.***.***-14,,"passarela de alves, 45",conjunto celso machado,AL
Enrico Aragão,496.***.***-34,,trevo de porto,jardim leblon,AM
Sr. Bruno Pires,428.***.***-49,,"quadra pinto, 896",nova gameleira,AM
Daniela Freitas,786.***.***-28,,"aeroporto de pires, 59",nossa senhora da conceição,CE
Samuel Caldeira,801.***.***-86,,campo monteiro,cabana do pai tomás,AP
nome inválido,930.***.***-38,40.0,"colônia da rocha, 31",jardim américa,RN
nome inválido,146.***.***-00,95.0,"estrada nogueira, 21",atila de paiva,PB
Renan Da Luz,294.***.***-23,76.0,rua não cadastrada,bairro não cadastrado,PR
Caroline Costa,401.***.***-88,23.0,rua não cadastrada,bairro não cadastrado,RS
Giovanna Farias,241.***.***-35,42.0,rua não cadastrada,bairro não cadastrado,RJ
Maitê Araújo,496.***.***-55,54.0,rua não cadastrada,bairro não cadastrado,RS
Lavínia Da Mota,039.***.***-00,23.0,rua não cadastrada,bairro não cadastrado,ES
Igor Cardoso,345.***.***-05,51.0,rua não cadastrada,bairro não cadastrado,AM
Maria Julia Campos,018.***.***-13,100.0,rua não cadastrada,bairro não cadastrado,MG
Marcos Vinicius Das Neves,617.***.***-02,87.0,rua não cadastrada,bairro não cadastrado,RO
Isabel Barbosa,986.***.***-02,28.0,rua não cadastrada,bairro não cadastrado,MG
Ryan Gomes,861.***.***-60,59.0,rua não cadastrada,bairro não cadastrado,SP
Breno Duarte,463.***.***-98,68.0,rua não cadastrada,bairro não cadastrado,TO
Eloah Peixoto,064.***.***-16,81.0,rua não cadastrada,bairro não cadastrado,MG
Luiza Sales,726.***.***-80,58.0,rua não cadastrada,bairro não cadastrado,GO
Dr. Alexandre Sales,427.***.***-40,90.0,rua não cadastrada,bairro não cadastrado,SP
Alícia Campos,162.***.***-94,50.0,rua não cadastrada,bairro não cadastrado,GO
Luigi Porto,826.***.***-83,45.0,"parque de santos, 88",são joão,PI
